player_name,position,team,assists,bonus,bps,clean_sheets,creativity,element,fixture,goals_conceded,goals_scored,ict_index,influence,kickoff_time,minutes,opponent_team,own_goals,penalties_missed,penalties_saved,red_cards,round,saves,selected,team_a_score,team_h_score,threat,total_points,transfers_balance,transfers_in,transfers_out,value,was_home,yellow_cards,GW,team_a,team_a_difficulty,team_h,team_h_difficulty,id,name,short_name,strength,strength_attack_away,strength_attack_home,strength_defence_away,strength_defence_home,strength_overall_away,strength_overall_home
Aaron Cresswell,DEF,West Ham,0,0,11,0,4.3,376,180,2,0,1.7,12.6,2020-01-29,90,Liverpool,0,0,0,0,24,0,121950,2,0,0.0,1,13909,20400,6491,47,True,0,24,Liverpool,2,West Ham,4,19,West Ham,WHU,2,1030,1000,1150,1030,1030,1040
Albian Ajeti,FWD,West Ham,0,0,0,0,0.0,514,180,0,0,0.0,0.0,2020-01-29,0,Liverpool,0,0,0,0,24,0,2862,2,0,0.0,0,175,248,73,57,True,0,24,Liverpool,2,West Ham,4,19,West Ham,WHU,2,1030,1000,1150,1030,1030,1040
Alexandre Nascimento Costa Silva,FWD,West Ham,0,0,0,0,0.0,387,180,0,0,0.0,0.0,2020-01-29,0,Liverpool,0,0,0,0,24,0,65026,2,0,0.0,0,98,1618,1520,43,True,0,24,Liverpool,2,West Ham,4,19,West Ham,WHU,2,1030,1000,1150,1030,1030,1040
Andriy Yarmolenko,MID,West Ham,0,0,0,0,0.0,392,180,0,0,0.0,0.0,2020-01-29,0,Liverpool,0,0,0,0,24,0,62592,2,0,0.0,0,-2948,18,2966,53,True,0,24,Liverpool,2,West Ham,4,19,West Ham,WHU,2,1030,1000,1150,1030,1030,1040
Angelo Ogbonna,DEF,West Ham,0,0,6,0,0.0,377,180,2,0,2.4,16.8,2020-01-29,90,Liverpool,0,0,0,0,24,0,135455,2,0,7.0,1,13870,21912,8042,45,True,0,24,Liverpool,2,West Ham,4,19,West Ham,WHU,2,1030,1000,1150,1030,1030,1040
Arthur Masuaku,DEF,West Ham,0,0,8,0,4.1,378,180,2,0,3.1,21.0,2020-01-29,90,Liverpool,0,0,0,0,24,0,35475,2,0,6.0,1,272,1388,1116,42,True,0,24,Liverpool,2,West Ham,4,19,West Ham,WHU,2,1030,1000,1150,1030,1030,1040
Ben Johnson,DEF,West Ham,0,0,0,0,0.0,384,180,0,0,0.0,0.0,2020-01-29,0,Liverpool,0,0,0,0,24,0,110734,2,0,0.0,0,4894,7854,2960,39,True,0,24,Liverpool,2,West Ham,4,19,West Ham,WHU,2,1030,1000,1150,1030,1030,1040
Bernardo Costa Da Rosa,MID,West Ham,0,0,0,0,0.0,595,180,0,0,0.0,0.0,2020-01-29,0,Liverpool,0,0,0,0,24,0,169,2,0,0.0,0,34,64,30,45,True,0,24,Liverpool,2,West Ham,4,19,West Ham,WHU,2,1030,1000,1150,1030,1030,1040
Carlos Sánchez,MID,West Ham,0,0,0,0,0.0,397,180,0,0,0.0,0.0,2020-01-29,0,Liverpool,0,0,0,0,24,0,34688,2,0,0.0,0,861,2952,2091,43,True,0,24,Liverpool,2,West Ham,4,19,West Ham,WHU,2,1030,1000,1150,1030,1030,1040
Darren Randolph,GK,West Ham,0,0,0,0,0.0,606,180,0,0,0.0,0.0,2020-01-29,0,Liverpool,0,0,0,0,24,0,20818,2,0,0.0,0,13149,14255,1106,45,True,0,24,Liverpool,2,West Ham,4,19,West Ham,WHU,2,1030,1000,1150,1030,1030,1040
David Martin,GK,West Ham,0,0,0,0,0.0,553,180,0,0,0.0,0.0,2020-01-29,0,Liverpool,0,0,0,0,24,0,138923,2,0,0.0,0,-1517,8013,9530,41,True,0,24,Liverpool,2,West Ham,4,19,West Ham,WHU,2,1030,1000,1150,1030,1030,1040
Declan Rice,MID,West Ham,0,0,15,0,20.1,395,180,2,0,8.2,25.6,2020-01-29,90,Liverpool,0,0,0,0,24,0,124193,2,0,36.0,2,8849,12873,4024,47,True,0,24,Liverpool,2,West Ham,4,19,West Ham,WHU,2,1030,1000,1150,1030,1030,1040
Fabián Balbuena,DEF,West Ham,0,0,0,0,0.0,382,180,0,0,0.0,0.0,2020-01-29,0,Liverpool,0,0,0,0,24,0,36572,2,0,0.0,0,-2418,1137,3555,43,True,0,24,Liverpool,2,West Ham,4,19,West Ham,WHU,2,1030,1000,1150,1030,1030,1040
Felipe Anderson Pereira Gomes,MID,West Ham,0,0,0,0,0.0,390,180,0,0,0.0,0.0,2020-01-29,0,Liverpool,0,0,0,0,24,0,207896,2,0,0.0,0,-12936,901,13837,66,True,0,24,Liverpool,2,West Ham,4,19,West Ham,WHU,2,1030,1000,1150,1030,1030,1040
Gonçalo Bento Soares Cardoso,DEF,West Ham,0,0,0,0,0.0,594,180,0,0,0.0,0.0,2020-01-29,0,Liverpool,0,0,0,0,24,0,678,2,0,0.0,0,123,179,56,40,True,0,24,Liverpool,2,West Ham,4,19,West Ham,WHU,2,1030,1000,1150,1030,1030,1040
Grady Diangana,MID,West Ham,0,0,0,0,0.0,398,180,0,0,0.0,0.0,2020-01-29,0,Liverpool,0,0,0,0,24,0,4523,2,0,0.0,0,-42,124,166,44,True,0,24,Liverpool,2,West Ham,4,19,West Ham,WHU,2,1030,1000,1150,1030,1030,1040
Issa Diop,DEF,West Ham,0,0,3,0,0.1,381,180,2,0,1.0,9.6,2020-01-29,90,Liverpool,0,0,0,0,24,0,160082,2,0,0.0,0,4480,7279,2799,44,True,1,24,Liverpool,2,West Ham,4,19,West Ham,WHU,2,1030,1000,1150,1030,1030,1040
Jack Wilshere,MID,West Ham,0,0,0,0,0.0,394,180,0,0,0.0,0.0,2020-01-29,0,Liverpool,0,0,0,0,24,0,14325,2,0,0.0,0,-149,14,163,47,True,0,24,Liverpool,2,West Ham,4,19,West Ham,WHU,2,1030,1000,1150,1030,1030,1040
Javier Hernández Balcázar,FWD,West Ham,0,0,0,0,0.0,386,180,0,0,0.0,0.0,2020-01-29,0,Liverpool,0,0,0,0,24,0,26051,2,0,0.0,0,-59,26,85,60,True,0,24,Liverpool,2,West Ham,4,19,West Ham,WHU,2,1030,1000,1150,1030,1030,1040
Jeremy Ngakia,DEF,West Ham,0,0,11,0,3.6,593,180,2,0,1.0,6.4,2020-01-29,90,Liverpool,0,0,0,0,24,0,464,2,0,0.0,1,55,83,28,40,True,0,24,Liverpool,2,West Ham,4,19,West Ham,WHU,2,1030,1000,1150,1030,1030,1040
Joseph Anang,GK,West Ham,0,0,0,0,0.0,582,180,0,0,0.0,0.0,2020-01-29,0,Liverpool,0,0,0,0,24,0,10804,2,0,0.0,0,92,759,667,40,True,0,24,Liverpool,2,West Ham,4,19,West Ham,WHU,2,1030,1000,1150,1030,1030,1040
Lukasz Fabianski,GK,West Ham,0,0,16,0,0.0,388,180,2,0,2.3,23.0,2020-01-29,90,Liverpool,0,0,0,0,24,3,155028,2,0,0.0,2,-12603,190,12793,49,True,0,24,Liverpool,2,West Ham,4,19,West Ham,WHU,2,1030,1000,1150,1030,1030,1040
Manuel Lanzini,MID,West Ham,0,0,11,0,18.8,391,180,2,0,4.5,9.6,2020-01-29,68,Liverpool,0,0,0,0,24,0,64365,2,0,17.0,2,7352,8420,1068,62,True,0,24,Liverpool,2,West Ham,4,19,West Ham,WHU,2,1030,1000,1150,1030,1030,1040
Marko Arnautovic,FWD,West Ham,0,0,0,0,0.0,385,180,0,0,0.0,0.0,2020-01-29,0,Liverpool,0,0,0,0,24,0,5261,2,0,0.0,0,6,40,34,70,True,0,24,Liverpool,2,West Ham,4,19,West Ham,WHU,2,1030,1000,1150,1030,1030,1040
Mark Noble,MID,West Ham,0,0,9,0,2.2,396,180,2,0,0.7,4.0,2020-01-29,90,Liverpool,0,0,0,0,24,0,182393,2,0,1.0,1,77604,84695,7091,50,True,1,24,Liverpool,2,West Ham,4,19,West Ham,WHU,2,1030,1000,1150,1030,1030,1040
Michail Antonio,MID,West Ham,0,0,0,0,0.0,389,180,0,0,0.0,0.0,2020-01-29,0,Liverpool,0,0,0,0,24,0,49328,2,0,0.0,0,-426,357,783,69,True,0,24,Liverpool,2,West Ham,4,19,West Ham,WHU,2,1030,1000,1150,1030,1030,1040
Nathan Holland,MID,West Ham,0,0,0,0,0.0,568,180,0,0,0.0,0.0,2020-01-29,0,Liverpool,0,0,0,0,24,0,356,2,0,0.0,0,-26,14,40,45,True,0,24,Liverpool,2,West Ham,4,19,West Ham,WHU,2,1030,1000,1150,1030,1030,1040
Pablo Fornals,MID,West Ham,0,0,1,0,0.0,399,180,0,0,0.2,0.0,2020-01-29,21,Liverpool,0,0,0,0,24,0,35723,2,0,4.0,1,1306,3684,2378,60,True,0,24,Liverpool,2,West Ham,4,19,West Ham,WHU,2,1030,1000,1150,1030,1030,1040
Pablo Zabaleta,DEF,West Ham,0,0,0,0,0.0,379,180,0,0,0.0,0.0,2020-01-29,0,Liverpool,0,0,0,0,24,0,36463,2,0,0.0,0,1149,1746,597,42,True,0,24,Liverpool,2,West Ham,4,19,West Ham,WHU,2,1030,1000,1150,1030,1030,1040
Pedro Obiang,MID,West Ham,0,0,0,0,0.0,400,180,0,0,0.0,0.0,2020-01-29,0,Liverpool,0,0,0,0,24,0,2696,2,0,0.0,0,-26,10,36,45,True,0,24,Liverpool,2,West Ham,4,19,West Ham,WHU,2,1030,1000,1150,1030,1030,1040
Roberto Jimenez Gago,GK,West Ham,0,0,0,0,0.0,450,180,0,0,0.0,0.0,2020-01-29,0,Liverpool,0,0,0,0,24,0,27286,2,0,0.0,0,-2020,129,2149,44,True,0,24,Liverpool,2,West Ham,4,19,West Ham,WHU,2,1030,1000,1150,1030,1030,1040
Robert Snodgrass,MID,West Ham,0,0,13,0,29.1,393,180,2,0,4.7,8.4,2020-01-29,90,Liverpool,0,0,0,0,24,0,111699,2,0,9.0,2,58614,62233,3619,52,True,0,24,Liverpool,2,West Ham,4,19,West Ham,WHU,2,1030,1000,1150,1030,1030,1040
Ryan Fredericks,DEF,West Ham,0,0,0,0,0.0,380,180,0,0,0.0,0.0,2020-01-29,0,Liverpool,0,0,0,0,24,0,29758,2,0,0.0,0,-3933,27,3960,44,True,0,24,Liverpool,2,West Ham,4,19,West Ham,WHU,2,1030,1000,1150,1030,1030,1040
Sébastien Haller,FWD,West Ham,0,0,8,0,13.9,457,180,2,0,3.1,14.6,2020-01-29,90,Liverpool,0,0,0,0,24,0,265068,2,0,2.0,2,53847,61865,8018,70,True,0,24,Liverpool,2,West Ham,4,19,West Ham,WHU,2,1030,1000,1150,1030,1030,1040
Winston Reid,DEF,West Ham,0,0,0,0,0.0,383,180,0,0,0.0,0.0,2020-01-29,0,Liverpool,0,0,0,0,24,0,373895,2,0,0.0,0,7416,19113,11697,39,True,0,24,Liverpool,2,West Ham,4,19,West Ham,WHU,2,1030,1000,1150,1030,1030,1040
Aymeric Laporte,DEF,Man City,0,0,23,1,2.1,202,275,0,0,1.1,9.2,2020-06-17,69,Arsenal,0,0,0,0,39,0,261054,0,3,0.0,6,104875,139395,34520,63,True,0,30,Arsenal,4,Man City,3,11,Man City,MCI,5,1270,1260,1320,1320,1340,1330
Benjamin Mendy,DEF,Man City,0,1,28,1,9.9,204,275,0,0,2.0,9.6,2020-06-17,90,Arsenal,0,0,0,0,39,0,99711,0,3,0.0,7,16872,42132,25260,55,True,0,30,Arsenal,4,Man City,3,11,Man City,MCI,5,1270,1260,1320,1320,1340,1330
Bernardo Mota Veiga de Carvalho e Silva,MID,Man City,0,0,3,0,3.8,218,275,0,0,1.0,2.4,2020-06-17,25,Arsenal,0,0,0,0,39,0,673462,0,3,4.0,1,22293,70300,48007,77,True,0,30,Arsenal,4,Man City,3,11,Man City,MCI,5,1270,1260,1320,1320,1340,1330
Claudio Bravo,GK,Man City,0,0,0,0,0.0,213,275,0,0,0.0,0.0,2020-06-17,0,Arsenal,0,0,0,0,39,0,22977,0,3,0.0,0,-67,437,504,47,True,0,30,Arsenal,4,Man City,3,11,Man City,MCI,5,1270,1260,1320,1320,1340,1330
Danilo Luiz da Silva,DEF,Man City,0,0,0,0,0.0,209,275,0,0,0.0,0.0,2020-06-17,0,Arsenal,0,0,0,0,39,0,3192,0,3,0.0,0,-16,30,46,50,True,0,30,Arsenal,4,Man City,3,11,Man City,MCI,5,1270,1260,1320,1320,1340,1330
David Silva,MID,Man City,0,0,12,1,14.5,219,275,0,0,4.1,7.0,2020-06-17,64,Arsenal,0,0,0,0,39,0,332149,0,3,19.0,3,19047,43470,24423,73,True,0,30,Arsenal,4,Man City,3,11,Man City,MCI,5,1270,1260,1320,1320,1340,1330
Ederson Santana de Moraes,GK,Man City,0,0,26,1,3.0,212,275,0,0,1.1,7.8,2020-06-17,90,Arsenal,0,0,0,0,39,0,968409,0,3,0.0,6,84437,141535,57098,60,True,0,30,Arsenal,4,Man City,3,11,Man City,MCI,5,1270,1260,1320,1320,1340,1330
Eric Garcia,DEF,Man City,0,0,24,1,1.1,544,275,0,0,0.9,8.0,2020-06-17,90,Arsenal,0,0,0,0,39,0,3910,0,3,0.0,6,111,508,397,45,True,0,30,Arsenal,4,Man City,3,11,Man City,MCI,5,1270,1260,1320,1320,1340,1330
Fernando Luiz Rosa,MID,Man City,0,0,3,0,0.8,221,275,0,0,0.4,3.4,2020-06-17,20,Arsenal,0,0,0,0,39,0,53605,0,3,0.0,1,2656,5770,3114,51,True,0,30,Arsenal,4,Man City,3,11,Man City,MCI,5,1270,1260,1320,1320,1340,1330
Gabriel Fernando de Jesus,FWD,Man City,0,0,6,1,14.5,211,275,0,0,3.8,8.8,2020-06-17,79,Arsenal,0,0,0,0,39,0,238361,0,3,15.0,2,-1642,44384,46026,96,True,0,30,Arsenal,4,Man City,3,11,Man City,MCI,5,1270,1260,1320,1320,1340,1330
Ilkay Gündogan,MID,Man City,0,0,17,1,31.4,222,275,0,0,7.9,26.8,2020-06-17,90,Arsenal,0,0,0,0,39,0,101098,0,3,21.0,3,2351,12913,10562,52,True,0,30,Arsenal,4,Man City,3,11,Man City,MCI,5,1270,1260,1320,1320,1340,1330
John Stones,DEF,Man City,0,0,0,0,0.0,207,275,0,0,0.0,0.0,2020-06-17,0,Arsenal,0,0,0,0,39,0,77059,0,3,0.0,0,2762,5909,3147,53,True,0,30,Arsenal,4,Man City,3,11,Man City,MCI,5,1270,1260,1320,1320,1340,1330
José Ángel Esmorís Tasende,DEF,Man City,0,0,0,0,0.0,440,275,0,0,0.0,0.0,2020-06-17,0,Arsenal,0,0,0,0,39,0,11486,0,3,0.0,0,-217,25,242,46,True,0,30,Arsenal,4,Man City,3,11,Man City,MCI,5,1270,1260,1320,1320,1340,1330
João Pedro Cavaco Cancelo,DEF,Man City,0,0,0,0,0.0,518,275,0,0,0.0,0.0,2020-06-17,0,Arsenal,0,0,0,0,39,0,58981,0,3,0.0,0,781,2812,2031,51,True,0,30,Arsenal,4,Man City,3,11,Man City,MCI,5,1270,1260,1320,1320,1340,1330
Kevin De Bruyne,MID,Man City,1,3,43,1,34.9,215,275,0,1,15.5,46.8,2020-06-17,69,Arsenal,0,0,0,0,39,0,3825649,0,3,73.0,14,370773,430496,59723,106,True,0,30,Arsenal,4,Man City,3,11,Man City,MCI,5,1270,1260,1320,1320,1340,1330
Kyle Walker,DEF,Man City,0,0,25,1,29.8,203,275,0,0,6.8,17.6,2020-06-17,90,Arsenal,0,0,0,0,39,0,934955,0,3,21.0,6,95476,158985,63509,56,True,0,30,Arsenal,4,Man City,3,11,Man City,MCI,5,1270,1260,1320,1320,1340,1330
Leroy Sané,MID,Man City,0,0,0,0,0.0,216,275,0,0,0.0,0.0,2020-06-17,0,Arsenal,0,0,0,0,39,0,26713,0,3,0.0,0,8148,13809,5661,93,True,0,30,Arsenal,4,Man City,3,11,Man City,MCI,5,1270,1260,1320,1320,1340,1330
Nicolás Otamendi,DEF,Man City,0,0,0,0,0.0,208,275,0,0,0.0,0.0,2020-06-17,0,Arsenal,0,0,0,0,39,0,210694,0,3,0.0,0,35112,66925,31813,49,True,0,30,Arsenal,4,Man City,3,11,Man City,MCI,5,1270,1260,1320,1320,1340,1330
Oleksandr Zinchenko,DEF,Man City,0,0,0,0,0.0,206,275,0,0,0.0,0.0,2020-06-17,0,Arsenal,0,0,0,0,39,0,178240,0,3,0.0,0,2666,7471,4805,52,True,0,30,Arsenal,4,Man City,3,11,Man City,MCI,5,1270,1260,1320,1320,1340,1330
Phil Foden,MID,Man City,0,0,23,0,16.3,220,275,0,1,7.6,40.8,2020-06-17,25,Arsenal,0,0,0,0,39,0,27431,0,3,19.0,6,511,5650,5139,51,True,0,30,Arsenal,4,Man City,3,11,Man City,MCI,5,1270,1260,1320,1320,1340,1330
Raheem Sterling,MID,Man City,0,2,40,1,62.1,214,275,0,1,17.1,44.4,2020-06-17,90,Arsenal,0,0,0,0,39,0,1311922,0,3,64.0,10,123732,193316,69584,117,True,0,30,Arsenal,4,Man City,3,11,Man City,MCI,5,1270,1260,1320,1320,1340,1330
Riyad Mahrez,MID,Man City,1,0,18,1,9.1,217,275,0,0,3.8,5.8,2020-06-17,64,Arsenal,0,0,0,0,39,0,729679,0,3,23.0,6,-2466,181374,183840,85,True,0,30,Arsenal,4,Man City,3,11,Man City,MCI,5,1270,1260,1320,1320,1340,1330
Rodrigo Hernandez,MID,Man City,0,0,-2,0,2.7,443,275,0,0,0.2,0.0,2020-06-17,20,Arsenal,0,0,0,0,39,0,124961,0,3,0.0,0,-9489,19183,28672,55,True,1,30,Arsenal,4,Man City,3,11,Man City,MCI,5,1270,1260,1320,1320,1340,1330
Scott Carson,GK,Man City,0,0,0,0,0.0,562,275,0,0,0.0,0.0,2020-06-17,0,Arsenal,0,0,0,0,39,0,5451,0,3,0.0,0,-407,358,765,40,True,0,30,Arsenal,4,Man City,3,11,Man City,MCI,5,1270,1260,1320,1320,1340,1330
Sergio Agüero,FWD,Man City,1,0,8,0,0.3,210,275,0,0,3.1,1.6,2020-06-17,10,Arsenal,0,0,0,0,39,0,1850460,0,3,29.0,4,489529,581048,91519,118,True,0,30,Arsenal,4,Man City,3,11,Man City,MCI,5,1270,1260,1320,1320,1340,1330
Ben Osborn,MID,Sheffield Utd,0,0,0,0,0.0,472,296,0,0,0.0,0.0,2020-06-21,0,Newcastle,0,0,0,0,39,0,2770,0,3,0.0,0,108,267,159,47,False,0,30,Sheffield Utd,2,Newcastle,3,15,Sheffield Utd,SHU,3,1180,1170,1110,1050,1200,1180
Billy Sharp,FWD,Sheffield Utd,0,0,-3,0,10.9,298,296,2,0,3.6,0.0,2020-06-21,73,Newcastle,0,0,0,0,39,0,51358,0,3,28.0,2,11680,20317,8637,56,False,0,30,Sheffield Utd,2,Newcastle,3,15,Sheffield Utd,SHU,3,1180,1170,1110,1050,1200,1180
Callum Robinson,MID,Sheffield Utd,0,0,0,0,0.0,453,296,0,0,0.0,0.0,2020-06-21,0,Newcastle,0,0,0,0,39,0,15675,0,3,0.0,0,-322,24,346,49,False,0,30,Sheffield Utd,2,Newcastle,3,15,Sheffield Utd,SHU,3,1180,1170,1110,1050,1200,1180
Chris Basham,DEF,Sheffield Utd,0,0,16,0,17.0,423,296,3,0,4.4,25.2,2020-06-21,90,Newcastle,0,0,0,0,39,0,144901,0,3,2.0,1,33735,66165,32430,46,False,0,30,Sheffield Utd,2,Newcastle,3,15,Sheffield Utd,SHU,3,1180,1170,1110,1050,1200,1180
David McGoldrick,FWD,Sheffield Utd,0,0,0,0,0.0,303,296,0,0,0.0,0.0,2020-06-21,0,Newcastle,0,0,0,0,39,0,14520,0,3,0.0,0,1962,3389,1427,54,False,0,30,Sheffield Utd,2,Newcastle,3,15,Sheffield Utd,SHU,3,1180,1170,1110,1050,1200,1180
Dean Henderson,GK,Sheffield Utd,0,0,19,0,0.0,471,296,3,0,3.5,35.0,2020-06-21,90,Newcastle,0,0,0,0,39,5,1526482,0,3,0.0,2,276263,388101,111838,53,False,0,30,Sheffield Utd,2,Newcastle,3,15,Sheffield Utd,SHU,3,1180,1170,1110,1050,1200,1180
Enda Stevens,DEF,Sheffield Utd,0,0,11,0,4.0,291,296,3,0,1.4,5.6,2020-06-21,90,Newcastle,0,0,0,0,39,0,351485,0,3,4.0,1,122997,182034,59037,52,False,0,30,Sheffield Utd,2,Newcastle,3,15,Sheffield Utd,SHU,3,1180,1170,1110,1050,1200,1180
George Baldock,DEF,Sheffield Utd,0,0,20,0,47.2,294,296,3,0,6.4,16.8,2020-06-21,90,Newcastle,0,0,0,0,39,0,996506,0,3,0.0,1,135127,265007,129880,51,False,0,30,Sheffield Utd,2,Newcastle,3,15,Sheffield Utd,SHU,3,1180,1170,1110,1050,1200,1180
Jack O'Connell,DEF,Sheffield Utd,0,0,0,0,0.0,293,296,0,0,0.0,0.0,2020-06-21,0,Newcastle,0,0,0,0,39,0,235289,0,3,0.0,0,-29115,98546,127661,47,False,0,30,Sheffield Utd,2,Newcastle,3,15,Sheffield Utd,SHU,3,1180,1170,1110,1050,1200,1180
Jack Robinson,DEF,Sheffield Utd,0,0,11,0,1.4,611,296,3,0,1.8,14.6,2020-06-21,90,Newcastle,0,0,0,0,39,0,7564,0,3,2.0,1,4386,6058,1672,40,False,0,30,Sheffield Utd,2,Newcastle,3,15,Sheffield Utd,SHU,3,1180,1170,1110,1050,1200,1180
Jack Rodwell,MID,Sheffield Utd,0,0,0,0,0.0,591,296,0,0,0.0,0.0,2020-06-21,0,Newcastle,0,0,0,0,39,0,1126,0,3,0.0,0,296,542,246,45,False,0,30,Sheffield Utd,2,Newcastle,3,15,Sheffield Utd,SHU,3,1180,1170,1110,1050,1200,1180
Jake Eastwood,GK,Sheffield Utd,0,0,0,0,0.0,299,296,0,0,0.0,0.0,2020-06-21,0,Newcastle,0,0,0,0,39,0,8619,0,3,0.0,0,-42,285,327,43,False,0,30,Sheffield Utd,2,Newcastle,3,15,Sheffield Utd,SHU,3,1180,1170,1110,1050,1200,1180
John Egan,DEF,Sheffield Utd,0,0,-6,0,0.2,295,296,3,0,3.9,5.2,2020-06-21,49,Newcastle,0,0,0,1,39,0,378509,0,3,34.0,-3,183984,249589,65605,46,False,0,30,Sheffield Utd,2,Newcastle,3,15,Sheffield Utd,SHU,3,1180,1170,1110,1050,1200,1180
John Fleck,MID,Sheffield Utd,0,0,9,0,30.6,301,296,2,0,4.3,10.8,2020-06-21,72,Newcastle,0,0,0,0,39,0,464185,0,3,2.0,2,49698,256198,206500,50,False,0,30,Sheffield Utd,2,Newcastle,3,15,Sheffield Utd,SHU,3,1180,1170,1110,1050,1200,1180
John Lundstram,DEF,Sheffield Utd,0,0,3,0,2.6,297,296,2,0,0.4,1.4,2020-06-21,24,Newcastle,0,0,0,0,39,0,3239773,0,3,0.0,0,286411,409710,123299,49,False,0,30,Sheffield Utd,2,Newcastle,3,15,Sheffield Utd,SHU,3,1180,1170,1110,1050,1200,1180
Kieron Freeman,DEF,Sheffield Utd,0,0,2,0,0.3,292,296,0,0,0.0,0.0,2020-06-21,5,Newcastle,0,0,0,0,39,0,7668,0,3,0.0,1,384,833,449,42,False,0,30,Sheffield Utd,2,Newcastle,3,15,Sheffield Utd,SHU,3,1180,1170,1110,1050,1200,1180
Leon Clarke,FWD,Sheffield Utd,0,0,0,0,0.0,547,296,0,0,0.0,0.0,2020-06-21,0,Newcastle,0,0,0,0,39,0,7061,0,3,0.0,0,313,776,463,44,False,0,30,Sheffield Utd,2,Newcastle,3,15,Sheffield Utd,SHU,3,1180,1170,1110,1050,1200,1180
Luke Freeman,MID,Sheffield Utd,0,0,3,0,1.5,441,296,1,0,1.0,0.6,2020-06-21,17,Newcastle,0,0,0,0,39,0,5763,0,3,8.0,1,655,1060,405,50,False,0,30,Sheffield Utd,2,Newcastle,3,15,Sheffield Utd,SHU,3,1180,1170,1110,1050,1200,1180
Lys Mousset,FWD,Sheffield Utd,0,0,0,0,0.0,70,296,0,0,0.0,0.0,2020-06-21,0,Newcastle,0,0,0,0,39,0,254549,0,3,0.0,0,82746,129446,46700,45,False,0,30,Sheffield Utd,2,Newcastle,3,15,Sheffield Utd,SHU,3,1180,1170,1110,1050,1200,1180
Mark Duffy,MID,Sheffield Utd,0,0,0,0,0.0,300,296,0,0,0.0,0.0,2020-06-21,0,Newcastle,0,0,0,0,39,0,1327,0,3,0.0,0,-5,42,47,52,False,0,30,Sheffield Utd,2,Newcastle,3,15,Sheffield Utd,SHU,3,1180,1170,1110,1050,1200,1180
Michael Verrips,GK,Sheffield Utd,0,0,0,0,0.0,521,296,0,0,0.0,0.0,2020-06-21,0,Newcastle,0,0,0,0,39,0,3724,0,3,0.0,0,206,472,266,44,False,0,30,Sheffield Utd,2,Newcastle,3,15,Sheffield Utd,SHU,3,1180,1170,1110,1050,1200,1180
Muhamed Bešić,MID,Sheffield Utd,0,0,0,0,0.0,522,296,0,0,0.0,0.0,2020-06-21,0,Newcastle,0,0,0,0,39,0,11535,0,3,0.0,0,907,1904,997,43,False,0,30,Sheffield Utd,2,Newcastle,3,15,Sheffield Utd,SHU,3,1180,1170,1110,1050,1200,1180
Oliver McBurnie,FWD,Sheffield Utd,0,0,8,0,6.2,501,296,3,0,3.8,10.8,2020-06-21,84,Newcastle,0,0,0,0,39,0,50630,0,3,21.0,2,30106,41249,11143,57,False,0,30,Sheffield Utd,2,Newcastle,3,15,Sheffield Utd,SHU,3,1180,1170,1110,1050,1200,1180
Oliver Norwood,MID,Sheffield Utd,0,0,14,0,3.8,302,296,3,0,1.6,12.4,2020-06-21,90,Newcastle,0,0,0,0,39,0,74335,0,3,0.0,2,37514,51837,14323,49,False,0,30,Sheffield Utd,2,Newcastle,3,15,Sheffield Utd,SHU,3,1180,1170,1110,1050,1200,1180
Panagiotis Retsos,DEF,Sheffield Utd,0,0,0,0,0.0,625,296,0,0,0.0,0.0,2020-06-21,0,Newcastle,0,0,0,0,39,0,686,0,3,0.0,0,207,436,229,45,False,0,30,Sheffield Utd,2,Newcastle,3,15,Sheffield Utd,SHU,3,1180,1170,1110,1050,1200,1180
Phil Jagielka,DEF,Sheffield Utd,0,0,0,0,0.0,444,296,0,0,0.0,0.0,2020-06-21,0,Newcastle,0,0,0,0,39,0,27331,0,3,0.0,0,1605,3182,1577,41,False,0,30,Sheffield Utd,2,Newcastle,3,15,Sheffield Utd,SHU,3,1180,1170,1110,1050,1200,1180
Ravel Morrison,MID,Sheffield Utd,0,0,0,0,0.0,456,296,0,0,0.0,0.0,2020-06-21,0,Newcastle,0,0,0,0,39,0,5290,0,3,0.0,0,-154,25,179,45,False,0,30,Sheffield Utd,2,Newcastle,3,15,Sheffield Utd,SHU,3,1180,1170,1110,1050,1200,1180
Richairo Zivkovic,FWD,Sheffield Utd,0,0,4,0,0.5,622,296,1,0,0.2,1.0,2020-06-21,16,Newcastle,0,0,0,0,39,0,1516,0,3,0.0,1,366,891,525,47,False,0,30,Sheffield Utd,2,Newcastle,3,15,Sheffield Utd,SHU,3,1180,1170,1110,1050,1200,1180
Richard Stearman,DEF,Sheffield Utd,0,0,0,0,0.0,296,296,0,0,0.0,0.0,2020-06-21,0,Newcastle,0,0,0,0,39,0,148560,0,3,0.0,0,-8546,1194,9740,39,False,0,30,Sheffield Utd,2,Newcastle,3,15,Sheffield Utd,SHU,3,1180,1170,1110,1050,1200,1180
Sander Berge,MID,Sheffield Utd,0,0,9,0,4.3,621,296,1,0,0.9,2.4,2020-06-21,65,Newcastle,0,0,0,0,39,0,7591,0,3,2.0,2,865,3557,2692,48,False,0,30,Sheffield Utd,2,Newcastle,3,15,Sheffield Utd,SHU,3,1180,1170,1110,1050,1200,1180
Simon Moore,GK,Sheffield Utd,0,0,0,0,0.0,436,296,0,0,0.0,0.0,2020-06-21,0,Newcastle,0,0,0,0,39,0,6998,0,3,0.0,0,240,879,639,43,False,0,30,Sheffield Utd,2,Newcastle,3,15,Sheffield Utd,SHU,3,1180,1170,1110,1050,1200,1180
Adam Lallana,MID,Liverpool,0,0,0,0,0.0,195,237,0,0,0.0,0.0,2020-01-23,0,Wolves,0,0,0,0,24,0,9482,2,1,0.0,0,136,366,230,58,False,0,24,Liverpool,3,Wolves,4,10,Liverpool,LIV,5,1320,1310,1330,1310,1350,1340
Adrián San Miguel del Castillo,GK,Liverpool,0,0,0,0,0.0,526,237,0,0,0.0,0.0,2020-01-23,0,Wolves,0,0,0,0,24,0,144549,2,1,0.0,0,-10085,935,11020,41,False,0,24,Liverpool,3,Wolves,4,10,Liverpool,LIV,5,1320,1310,1330,1310,1350,1340
Alex Oxlade-Chamberlain,MID,Liverpool,0,0,7,0,2.3,193,237,1,0,0.9,6.2,2020-01-23,69,Wolves,0,0,0,0,24,0,35219,2,1,0.0,2,5945,7068,1123,62,False,0,24,Liverpool,3,Wolves,4,10,Liverpool,LIV,5,1320,1310,1330,1310,1350,1340
Alisson Ramses Becker,GK,Liverpool,0,0,14,0,0.0,189,237,1,0,2.1,20.8,2020-01-23,90,Wolves,0,0,0,0,24,2,783914,2,1,0.0,2,83244,95778,12534,61,False,0,24,Liverpool,3,Wolves,4,10,Liverpool,LIV,5,1320,1310,1330,1310,1350,1340
Andrew Robertson,DEF,Liverpool,0,0,11,0,20.5,181,237,1,0,3.1,10.0,2020-01-23,90,Wolves,0,0,0,0,24,0,1532185,2,1,0.0,1,62628,103141,40513,70,False,1,24,Liverpool,3,Wolves,4,10,Liverpool,LIV,5,1320,1310,1330,1310,1350,1340
Andy Lonergan,GK,Liverpool,0,0,0,0,0.0,530,237,0,0,0.0,0.0,2020-01-23,0,Wolves,0,0,0,0,24,0,1804,2,1,0.0,0,-25,9,34,42,False,0,24,Liverpool,3,Wolves,4,10,Liverpool,LIV,5,1320,1310,1330,1310,1350,1340
Caoimhin Kelleher,GK,Liverpool,0,0,0,0,0.0,531,237,0,0,0.0,0.0,2020-01-23,0,Wolves,0,0,0,0,24,0,2096,2,1,0.0,0,-40,9,49,44,False,0,24,Liverpool,3,Wolves,4,10,Liverpool,LIV,5,1320,1310,1330,1310,1350,1340
Curtis Jones,MID,Liverpool,0,0,0,0,0.0,569,237,0,0,0.0,0.0,2020-01-23,0,Wolves,0,0,0,0,24,0,383,2,1,0.0,0,-21,30,51,45,False,0,24,Liverpool,3,Wolves,4,10,Liverpool,LIV,5,1320,1310,1330,1310,1350,1340
Dejan Lovren,DEF,Liverpool,0,0,0,0,0.0,186,237,0,0,0.0,0.0,2020-01-23,0,Wolves,0,0,0,0,24,0,14725,2,1,0.0,0,-299,17,316,53,False,0,24,Liverpool,3,Wolves,4,10,Liverpool,LIV,5,1320,1310,1330,1310,1350,1340
Divock Origi,FWD,Liverpool,0,0,2,0,1.1,188,237,0,0,0.1,0.0,2020-01-23,5,Wolves,0,0,0,0,24,0,188928,2,1,0.0,1,728,5072,4344,52,False,0,24,Liverpool,3,Wolves,4,10,Liverpool,LIV,5,1320,1310,1330,1310,1350,1340
Fabio Henrique Tavares,MID,Liverpool,0,0,4,0,1.1,197,237,0,0,0.6,3.2,2020-01-23,20,Wolves,0,0,0,0,24,0,71475,2,1,2.0,1,476,975,499,54,False,0,24,Liverpool,3,Wolves,4,10,Liverpool,LIV,5,1320,1310,1330,1310,1350,1340
Georginio Wijnaldum,MID,Liverpool,0,0,10,0,4.8,199,237,1,0,0.9,4.4,2020-01-23,90,Wolves,0,0,0,0,24,0,181930,2,1,0.0,2,18044,25317,7273,54,False,0,24,Liverpool,3,Wolves,4,10,Liverpool,LIV,5,1320,1310,1330,1310,1350,1340
Harvey Elliott,MID,Liverpool,0,0,0,0,0.0,550,237,0,0,0.0,0.0,2020-01-23,0,Wolves,0,0,0,0,24,0,700,2,1,0.0,0,-22,38,60,45,False,0,24,Liverpool,3,Wolves,4,10,Liverpool,LIV,5,1320,1310,1330,1310,1350,1340
James Milner,MID,Liverpool,0,0,0,0,0.0,200,237,0,0,0.0,0.0,2020-01-23,0,Wolves,0,0,0,0,24,0,37094,2,1,0.0,0,-1327,21,1348,53,False,0,24,Liverpool,3,Wolves,4,10,Liverpool,LIV,5,1320,1310,1330,1310,1350,1340
Joel Matip,DEF,Liverpool,0,0,0,0,0.0,185,237,0,0,0.0,0.0,2020-01-23,0,Wolves,0,0,0,0,24,0,86118,2,1,0.0,0,-18,782,800,52,False,0,24,Liverpool,3,Wolves,4,10,Liverpool,LIV,5,1320,1310,1330,1310,1350,1340
Jordan Henderson,MID,Liverpool,1,3,44,0,25.2,198,237,1,1,10.5,60.4,2020-01-23,90,Wolves,0,0,0,0,24,0,97240,2,1,19.0,13,15549,20051,4502,54,False,0,24,Liverpool,3,Wolves,4,10,Liverpool,LIV,5,1320,1310,1330,1310,1350,1340
Joseph Gomez,DEF,Liverpool,0,0,14,0,0.5,184,237,1,0,2.3,22.6,2020-01-23,90,Wolves,0,0,0,0,24,0,327567,2,1,0.0,2,71978,95510,23532,52,False,0,24,Liverpool,3,Wolves,4,10,Liverpool,LIV,5,1320,1310,1330,1310,1350,1340
Mohamed Salah,MID,Liverpool,0,0,12,0,18.5,191,237,1,0,11.5,10.8,2020-01-23,84,Wolves,0,0,0,0,24,0,2229655,2,1,86.0,2,283380,299473,16093,124,False,0,24,Liverpool,3,Wolves,4,10,Liverpool,LIV,5,1320,1310,1330,1310,1350,1340
Naby Keita,MID,Liverpool,0,0,0,0,0.0,196,237,0,0,0.0,0.0,2020-01-23,0,Wolves,0,0,0,0,24,0,17746,2,1,0.0,0,-1826,16,1842,58,False,0,24,Liverpool,3,Wolves,4,10,Liverpool,LIV,5,1320,1310,1330,1310,1350,1340
Nathaniel Phillips,DEF,Liverpool,0,0,0,0,0.0,589,237,0,0,0.0,0.0,2020-01-23,0,Wolves,0,0,0,0,24,0,251,2,1,0.0,0,-30,11,41,40,False,0,24,Liverpool,3,Wolves,4,10,Liverpool,LIV,5,1320,1310,1330,1310,1350,1340
Neco Williams,DEF,Liverpool,0,0,0,0,0.0,575,237,0,0,0.0,0.0,2020-01-23,0,Wolves,0,0,0,0,24,0,3004,2,1,0.0,0,-327,556,883,40,False,0,24,Liverpool,3,Wolves,4,10,Liverpool,LIV,5,1320,1310,1330,1310,1350,1340
Rafael Camacho,MID,Liverpool,0,0,0,0,0.0,201,237,0,0,0.0,0.0,2020-01-23,0,Wolves,0,0,0,0,24,0,400,2,1,0.0,0,-8,2,10,45,False,0,24,Liverpool,3,Wolves,4,10,Liverpool,LIV,5,1320,1310,1330,1310,1350,1340
Rhian Brewster,FWD,Liverpool,0,0,0,0,0.0,464,237,0,0,0.0,0.0,2020-01-23,0,Wolves,0,0,0,0,24,0,33927,2,1,0.0,0,-1045,1686,2731,42,False,0,24,Liverpool,3,Wolves,4,10,Liverpool,LIV,5,1320,1310,1330,1310,1350,1340
Roberto Firmino,FWD,Liverpool,0,1,34,0,27.1,187,237,1,1,15.2,51.4,2020-01-23,90,Wolves,0,0,0,0,24,0,1199018,2,1,73.0,7,361083,390466,29383,95,False,0,24,Liverpool,3,Wolves,4,10,Liverpool,LIV,5,1320,1310,1330,1310,1350,1340
Sadio Mané,MID,Liverpool,0,0,6,0,17.0,192,237,0,0,2.6,5.4,2020-01-23,32,Wolves,0,0,0,0,24,0,3098989,2,1,4.0,1,128182,183894,55712,124,False,0,24,Liverpool,3,Wolves,4,10,Liverpool,LIV,5,1320,1310,1330,1310,1350,1340
Simon Mignolet,GK,Liverpool,0,0,0,0,0.0,190,237,0,0,0.0,0.0,2020-01-23,0,Wolves,0,0,0,0,24,0,2487,2,1,0.0,0,-10,9,19,45,False,0,24,Liverpool,3,Wolves,4,10,Liverpool,LIV,5,1320,1310,1330,1310,1350,1340
Takumi Minamino,MID,Liverpool,0,0,5,0,7.3,590,237,1,0,2.0,4.6,2020-01-23,57,Wolves,0,0,0,0,24,0,6773,2,1,8.0,1,-808,1850,2658,65,False,0,24,Liverpool,3,Wolves,4,10,Liverpool,LIV,5,1320,1310,1330,1310,1350,1340
Trent Alexander-Arnold,DEF,Liverpool,1,0,26,0,29.7,182,237,1,0,7.4,36.6,2020-01-23,90,Wolves,0,0,0,0,24,0,3073147,2,1,8.0,5,152061,167963,15902,76,False,0,24,Liverpool,3,Wolves,4,10,Liverpool,LIV,5,1320,1310,1330,1310,1350,1340
Virgil van Dijk,DEF,Liverpool,0,0,18,0,0.2,183,237,1,0,2.2,19.8,2020-01-23,90,Wolves,0,0,0,0,24,0,3177803,2,1,2.0,2,197071,222215,25144,64,False,0,24,Liverpool,3,Wolves,4,10,Liverpool,LIV,5,1320,1310,1330,1310,1350,1340
Xherdan Shaqiri,MID,Liverpool,0,0,0,0,0.0,194,237,0,0,0.0,0.0,2020-01-23,0,Wolves,0,0,0,0,24,0,17592,2,1,0.0,0,-95,132,227,63,False,0,24,Liverpool,3,Wolves,4,10,Liverpool,LIV,5,1320,1310,1330,1310,1350,1340
Ahmed El Mohamady,DEF,Aston Villa,0,0,3,0,0.5,22,271,0,0,0.5,4.6,2020-06-17,14,Sheffield Utd,0,0,0,0,39,0,68762,0,0,0.0,1,5197,11118,5921,41,True,0,30,Sheffield Utd,2,Aston Villa,3,2,Aston Villa,AVL,2,980,970,1040,1000,1050,1020
Andre Green,MID,Aston Villa,0,0,0,0,0.0,32,271,0,0,0.0,0.0,2020-06-17,0,Sheffield Utd,0,0,0,0,39,0,765,0,0,0.0,0,2,30,28,48,True,0,30,Sheffield Utd,2,Aston Villa,3,2,Aston Villa,AVL,2,980,970,1040,1000,1050,1020
Anwar El Ghazi,MID,Aston Villa,0,0,6,1,2.3,30,271,0,0,1.7,3.0,2020-06-17,68,Sheffield Utd,0,0,0,0,39,0,94136,0,0,12.0,3,33147,48826,15679,55,True,0,30,Sheffield Utd,2,Aston Villa,3,2,Aston Villa,AVL,2,980,970,1040,1000,1050,1020
Birkir Bjarnason,MID,Aston Villa,0,0,0,0,0.0,33,271,0,0,0.0,0.0,2020-06-17,0,Sheffield Utd,0,0,0,0,39,0,2315,0,0,0.0,0,-34,19,53,45,True,0,30,Sheffield Utd,2,Aston Villa,3,2,Aston Villa,AVL,2,980,970,1040,1000,1050,1020
Bjorn Engels,DEF,Aston Villa,0,0,0,0,0.0,455,271,0,0,0.0,0.0,2020-06-17,0,Sheffield Utd,0,0,0,0,39,0,35546,0,0,0.0,0,2692,5903,3211,43,True,0,30,Sheffield Utd,2,Aston Villa,3,2,Aston Villa,AVL,2,980,970,1040,1000,1050,1020
Borja González Tomás,FWD,Aston Villa,0,0,0,0,0.0,623,271,0,0,0.0,0.0,2020-06-17,0,Sheffield Utd,0,0,0,0,39,0,1012,0,0,0.0,0,618,1051,433,55,True,0,30,Sheffield Utd,2,Aston Villa,3,2,Aston Villa,AVL,2,980,970,1040,1000,1050,1020
Conor Hourihane,MID,Aston Villa,0,0,16,1,104.3,28,271,0,0,15.0,26.8,2020-06-17,90,Sheffield Utd,0,0,0,0,39,0,11538,0,0,19.0,3,830,1644,814,57,True,0,30,Sheffield Utd,2,Aston Villa,3,2,Aston Villa,AVL,2,980,970,1040,1000,1050,1020
Daniel Drinkwater,MID,Aston Villa,0,0,0,0,0.0,120,271,0,0,0.0,0.0,2020-06-17,0,Sheffield Utd,0,0,0,0,39,0,44080,0,0,0.0,0,14,1714,1700,44,True,0,30,Sheffield Utd,2,Aston Villa,3,2,Aston Villa,AVL,2,980,970,1040,1000,1050,1020
Douglas Luiz Soares de Paulo,MID,Aston Villa,0,0,7,1,3.4,470,271,0,0,1.3,9.6,2020-06-17,90,Sheffield Utd,0,0,0,0,39,0,345093,0,0,0.0,2,55526,120834,65308,44,True,1,30,Sheffield Utd,2,Aston Villa,3,2,Aston Villa,AVL,2,980,970,1040,1000,1050,1020
Ezri Konsa Ngoyo,DEF,Aston Villa,0,0,25,1,5.4,452,271,0,0,1.4,9.0,2020-06-17,75,Sheffield Utd,0,0,0,0,39,0,7100,0,0,0.0,6,230,962,732,43,True,0,30,Sheffield Utd,2,Aston Villa,3,2,Aston Villa,AVL,2,980,970,1040,1000,1050,1020
Frédéric Guilbert,DEF,Aston Villa,0,0,0,0,0.0,458,271,0,0,0.0,0.0,2020-06-17,0,Sheffield Utd,0,0,0,0,39,0,36842,0,0,0.0,0,1683,6514,4831,44,True,0,30,Sheffield Utd,2,Aston Villa,3,2,Aston Villa,AVL,2,980,970,1040,1000,1050,1020
Henri Lansbury,MID,Aston Villa,0,0,0,0,0.0,35,271,0,0,0.0,0.0,2020-06-17,0,Sheffield Utd,0,0,0,0,39,0,26831,0,0,0.0,0,-913,352,1265,44,True,0,30,Sheffield Utd,2,Aston Villa,3,2,Aston Villa,AVL,2,980,970,1040,1000,1050,1020
Indiana Vassilev,MID,Aston Villa,0,0,0,0,0.0,600,271,0,0,0.0,0.0,2020-06-17,0,Sheffield Utd,0,0,0,0,39,0,852,0,0,0.0,0,273,519,246,45,True,0,30,Sheffield Utd,2,Aston Villa,3,2,Aston Villa,AVL,2,980,970,1040,1000,1050,1020
Jack Grealish,MID,Aston Villa,0,0,13,1,46.8,29,271,0,0,6.2,9.6,2020-06-17,90,Sheffield Utd,0,0,0,0,39,0,2035690,0,0,6.0,3,493444,646955,153511,64,True,0,30,Sheffield Utd,2,Aston Villa,3,2,Aston Villa,AVL,2,980,970,1040,1000,1050,1020
James Chester,DEF,Aston Villa,0,0,0,0,0.0,23,271,0,0,0.0,0.0,2020-06-17,0,Sheffield Utd,0,0,0,0,39,0,3690,0,0,0.0,0,-80,57,137,42,True,0,30,Sheffield Utd,2,Aston Villa,3,2,Aston Villa,AVL,2,980,970,1040,1000,1050,1020
Jed Steer,GK,Aston Villa,0,0,0,0,0.0,429,271,0,0,0.0,0.0,2020-06-17,0,Sheffield Utd,0,0,0,0,39,0,6512,0,0,0.0,0,108,317,209,43,True,0,30,Sheffield Utd,2,Aston Villa,3,2,Aston Villa,AVL,2,980,970,1040,1000,1050,1020
John McGinn,MID,Aston Villa,0,0,8,1,0.8,31,271,0,0,3.7,10.4,2020-06-17,75,Sheffield Utd,0,0,0,0,39,0,296692,0,0,26.0,3,94135,131761,37626,54,True,0,30,Sheffield Utd,2,Aston Villa,3,2,Aston Villa,AVL,2,980,970,1040,1000,1050,1020
Jonathan Kodjia,FWD,Aston Villa,0,0,0,0,0.0,26,271,0,0,0.0,0.0,2020-06-17,0,Sheffield Utd,0,0,0,0,39,0,5795,0,0,0.0,0,-64,35,99,54,True,0,30,Sheffield Utd,2,Aston Villa,3,2,Aston Villa,AVL,2,980,970,1040,1000,1050,1020
José Ignacio Peleteiro Romallo,MID,Aston Villa,0,0,0,0,0.0,36,271,0,0,0.0,0.0,2020-06-17,0,Sheffield Utd,0,0,0,0,39,0,13170,0,0,0.0,0,1855,3054,1199,58,True,0,30,Sheffield Utd,2,Aston Villa,3,2,Aston Villa,AVL,2,980,970,1040,1000,1050,1020
José Reina,GK,Aston Villa,0,0,0,0,0.0,603,271,0,0,0.0,0.0,2020-06-17,0,Sheffield Utd,0,0,0,0,39,0,120730,0,0,0.0,0,78754,125204,46450,45,True,0,30,Sheffield Utd,2,Aston Villa,3,2,Aston Villa,AVL,2,980,970,1040,1000,1050,1020
Keinan Davis,MID,Aston Villa,0,0,-3,1,1.0,34,271,0,0,8.6,0.0,2020-06-17,68,Sheffield Utd,0,0,0,0,39,0,18628,0,0,86.0,3,1127,2905,1778,43,True,0,30,Sheffield Utd,2,Aston Villa,3,2,Aston Villa,AVL,2,980,970,1040,1000,1050,1020
Kortney Hause,DEF,Aston Villa,0,0,24,1,10.4,25,271,0,0,8.7,7.0,2020-06-17,90,Sheffield Utd,0,0,0,0,39,0,5304,0,0,70.0,6,283,600,317,44,True,0,30,Sheffield Utd,2,Aston Villa,3,2,Aston Villa,AVL,2,980,970,1040,1000,1050,1020
Lovre Kalinic,GK,Aston Villa,0,0,0,0,0.0,474,271,0,0,0.0,0.0,2020-06-17,0,Sheffield Utd,0,0,0,0,39,0,6025,0,0,0.0,0,-77,88,165,42,True,0,30,Sheffield Utd,2,Aston Villa,3,2,Aston Villa,AVL,2,980,970,1040,1000,1050,1020
Mahmoud Ahmed Ibrahim Hassan,MID,Aston Villa,0,0,4,0,0.8,465,271,0,0,0.3,2.2,2020-06-17,21,Sheffield Utd,0,0,0,0,39,0,82883,0,0,0.0,1,3082,7930,4848,52,True,0,30,Sheffield Utd,2,Aston Villa,3,2,Aston Villa,AVL,2,980,970,1040,1000,1050,1020
Marvelous Nakamba,MID,Aston Villa,0,0,3,0,0.3,491,271,0,0,0.4,3.6,2020-06-17,14,Sheffield Utd,0,0,0,0,39,0,48897,0,0,0.0,1,-1902,1962,3864,44,True,0,30,Sheffield Utd,2,Aston Villa,3,2,Aston Villa,AVL,2,980,970,1040,1000,1050,1020
Matt Targett,DEF,Aston Villa,0,0,21,1,12.3,309,271,0,0,2.5,12.6,2020-06-17,90,Sheffield Utd,0,0,0,0,39,0,205836,0,0,0.0,6,131339,169902,38563,44,True,0,30,Sheffield Utd,2,Aston Villa,3,2,Aston Villa,AVL,2,980,970,1040,1000,1050,1020
Mbwana Samatta,FWD,Aston Villa,0,0,1,0,0.5,613,271,0,0,0.1,0.2,2020-06-17,21,Sheffield Utd,0,0,0,0,39,0,87268,0,0,0.0,1,62425,91221,28796,58,True,0,30,Sheffield Utd,2,Aston Villa,3,2,Aston Villa,AVL,2,980,970,1040,1000,1050,1020
Neil Taylor,DEF,Aston Villa,0,0,0,0,0.0,24,271,0,0,0.0,0.0,2020-06-17,0,Sheffield Utd,0,0,0,0,39,0,18193,0,0,0.0,0,1294,2929,1635,42,True,0,30,Sheffield Utd,2,Aston Villa,3,2,Aston Villa,AVL,2,980,970,1040,1000,1050,1020
Tom Heaton,GK,Aston Villa,0,0,0,0,0.0,94,271,0,0,0.0,0.0,2020-06-17,0,Sheffield Utd,0,0,0,0,39,0,171126,0,0,0.0,0,-14285,1133,15418,43,True,0,30,Sheffield Utd,2,Aston Villa,3,2,Aston Villa,AVL,2,980,970,1040,1000,1050,1020
Tyrone Mings,DEF,Aston Villa,0,1,28,1,0.8,445,271,0,0,1.7,16.6,2020-06-17,90,Sheffield Utd,0,0,0,0,39,0,256648,0,0,0.0,7,59641,86483,26842,44,True,0,30,Sheffield Utd,2,Aston Villa,3,2,Aston Villa,AVL,2,980,970,1040,1000,1050,1020
Wesley Moraes,FWD,Aston Villa,0,0,0,0,0.0,428,271,0,0,0.0,0.0,2020-06-17,0,Sheffield Utd,0,0,0,0,39,0,61116,0,0,0.0,0,-1104,449,1553,54,True,0,30,Sheffield Utd,2,Aston Villa,3,2,Aston Villa,AVL,2,980,970,1040,1000,1050,1020
Ørjan Nyland,GK,Aston Villa,0,0,22,1,0.0,27,271,0,0,1.1,10.8,2020-06-17,90,Sheffield Utd,0,0,0,0,39,1,24213,0,0,0.0,6,8602,12025,3423,43,True,0,30,Sheffield Utd,2,Aston Villa,3,2,Aston Villa,AVL,2,980,970,1040,1000,1050,1020
Cédric Soares,DEF,Arsenal,0,0,0,0,0.0,486,238,0,0,0.0,0.0,2020-01-21,0,Chelsea,0,0,0,0,24,0,19305,2,2,0.0,0,3035,316,3281,48,False,0,24,Arsenal,4,Chelsea,3,1,Arsenal,ARS,4,1170,1170,1200,1150,1240,1180
Ainsley Maitland-Niles,DEF,Arsenal,0,0,2,0,1.6,4,275,1,0,0.3,1.6,2020-06-17,23,Man City,0,0,0,0,39,0,174895,0,3,0.0,1,3495,13364,9869,45,False,0,30,Arsenal,4,Man City,3,1,Arsenal,ARS,4,1170,1170,1200,1150,1240,1180
Alexandre Lacazette,FWD,Arsenal,0,0,3,0,0.3,12,275,1,0,0.3,0.4,2020-06-17,23,Man City,0,0,0,0,39,0,189462,0,3,2.0,1,23836,53645,29809,94,False,0,30,Arsenal,4,Man City,3,1,Arsenal,ARS,4,1170,1170,1200,1150,1240,1180
Bernd Leno,GK,Arsenal,0,1,28,0,0.0,14,275,3,0,6.4,64.2,2020-06-17,90,Man City,0,0,0,0,39,9,614482,0,3,0.0,5,183514,249238,65724,50,False,0,30,Arsenal,4,Man City,3,1,Arsenal,ARS,4,1170,1170,1200,1150,1240,1180
Bukayo Saka,MID,Arsenal,0,0,4,0,15.3,541,275,3,0,2.1,5.2,2020-06-17,90,Man City,0,0,0,0,39,0,400726,0,3,0.0,2,21601,151601,130000,47,False,0,30,Arsenal,4,Man City,3,1,Arsenal,ARS,4,1170,1170,1200,1150,1240,1180
Calum Chambers,DEF,Arsenal,0,0,0,0,0.0,467,275,0,0,0.0,0.0,2020-06-17,0,Man City,0,0,0,0,39,0,44251,0,3,0.0,0,-1099,87,1186,43,False,0,30,Arsenal,4,Man City,3,1,Arsenal,ARS,4,1170,1170,1200,1150,1240,1180
Carl Jenkinson,DEF,Arsenal,0,0,0,0,0.0,9,275,0,0,0.0,0.0,2020-06-17,0,Man City,0,0,0,0,39,0,1574,0,3,0.0,0,-11,18,29,45,False,0,30,Arsenal,4,Man City,3,1,Arsenal,ARS,4,1170,1170,1200,1150,1240,1180
Cédric Soares,DEF,Arsenal,0,0,0,0,0.0,486,275,0,0,0.0,0.0,2020-06-17,0,Man City,0,0,0,0,39,0,16509,0,3,0.0,0,1535,3227,1692,48,False,0,30,Arsenal,4,Man City,3,1,Arsenal,ARS,4,1170,1170,1200,1150,1240,1180
Daniel Ceballos Fernández,MID,Arsenal,0,0,13,0,1.2,469,275,3,0,1.1,10.0,2020-06-17,82,Man City,0,0,0,0,39,0,233648,0,3,0.0,2,5170,14418,9248,52,False,0,30,Arsenal,4,Man City,3,1,Arsenal,ARS,4,1170,1170,1200,1150,1240,1180
David Luiz Moreira Marinho,DEF,Arsenal,0,0,-11,0,0.0,106,275,3,0,0.0,0.0,2020-06-17,25,Man City,0,0,0,1,39,0,444821,0,3,0.0,-3,37407,71661,34254,57,False,0,30,Arsenal,4,Man City,3,1,Arsenal,ARS,4,1170,1170,1200,1150,1240,1180
Edward Nketiah,FWD,Arsenal,0,0,3,0,10.3,13,275,2,0,2.3,4.6,2020-06-17,66,Man City,0,0,0,0,39,0,141245,0,3,8.0,2,39313,77566,38253,44,False,0,30,Arsenal,4,Man City,3,1,Arsenal,ARS,4,1170,1170,1200,1150,1240,1180
Emile Smith Rowe,MID,Arsenal,0,0,0,0,0.0,576,275,0,0,0.0,0.0,2020-06-17,0,Man City,0,0,0,0,39,0,2538,0,3,0.0,0,-424,109,533,43,False,0,30,Arsenal,4,Man City,3,1,Arsenal,ARS,4,1170,1170,1200,1150,1240,1180
Emiliano Martínez,GK,Arsenal,0,0,0,0,0.0,427,275,0,0,0.0,0.0,2020-06-17,0,Man City,0,0,0,0,39,0,18873,0,3,0.0,0,369,999,630,42,False,0,30,Arsenal,4,Man City,3,1,Arsenal,ARS,4,1170,1170,1200,1150,1240,1180
Gabriel Teodoro Martinelli Silva,FWD,Arsenal,0,0,0,0,0.0,504,275,0,0,0.0,0.0,2020-06-17,0,Man City,0,0,0,0,39,0,224625,0,3,0.0,0,12960,67774,54814,44,False,0,30,Arsenal,4,Man City,3,1,Arsenal,ARS,4,1170,1170,1200,1150,1240,1180
Granit Xhaka,MID,Arsenal,0,0,3,0,0.0,18,275,0,0,0.0,0.0,2020-06-17,7,Man City,0,0,0,0,39,0,66357,0,3,0.0,1,10543,18280,7737,51,False,0,30,Arsenal,4,Man City,3,1,Arsenal,ARS,4,1170,1170,1200,1150,1240,1180
Henrikh Mkhitaryan,MID,Arsenal,0,0,0,0,0.0,16,275,0,0,0.0,0.0,2020-06-17,0,Man City,0,0,0,0,39,0,55614,0,3,0.0,0,-208,59,267,67,False,0,30,Arsenal,4,Man City,3,1,Arsenal,ARS,4,1170,1170,1200,1150,1240,1180
Héctor Bellerín,DEF,Arsenal,0,0,8,0,0.5,2,275,3,0,0.9,8.0,2020-06-17,90,Man City,0,0,0,0,39,0,104617,0,3,0.0,1,9626,43248,33622,55,False,0,30,Arsenal,4,Man City,3,1,Arsenal,ARS,4,1170,1170,1200,1150,1240,1180
Joseph Willock,MID,Arsenal,0,0,8,0,1.0,490,275,2,0,2.0,14.8,2020-06-17,66,Man City,0,0,0,0,39,0,14041,0,3,4.0,2,932,2039,1107,47,False,0,30,Arsenal,4,Man City,3,1,Arsenal,ARS,4,1170,1170,1200,1150,1240,1180
Kieran Tierney,DEF,Arsenal,0,0,17,0,0.6,515,275,3,0,1.8,17.8,2020-06-17,90,Man City,0,0,0,0,39,0,34712,0,3,0.0,0,9879,14300,4421,53,False,1,30,Arsenal,4,Man City,3,1,Arsenal,ARS,4,1170,1170,1200,1150,1240,1180
Konstantinos Mavropanos,DEF,Arsenal,0,0,0,0,0.0,8,275,0,0,0.0,0.0,2020-06-17,0,Man City,0,0,0,0,39,0,2816,0,3,0.0,0,-21,18,39,43,False,0,30,Arsenal,4,Man City,3,1,Arsenal,ARS,4,1170,1170,1200,1150,1240,1180
Laurent Koscielny,DEF,Arsenal,0,0,0,0,0.0,7,275,0,0,0.0,0.0,2020-06-17,0,Man City,0,0,0,0,39,0,5639,0,3,0.0,0,-26,41,67,50,False,0,30,Arsenal,4,Man City,3,1,Arsenal,ARS,4,1170,1170,1200,1150,1240,1180
Lucas Torreira,MID,Arsenal,0,0,0,0,0.0,19,275,0,0,0.0,0.0,2020-06-17,0,Man City,0,0,0,0,39,0,85585,0,3,0.0,0,2668,6382,3714,47,False,0,30,Arsenal,4,Man City,3,1,Arsenal,ARS,4,1170,1170,1200,1150,1240,1180
Matteo Guendouzi,MID,Arsenal,0,0,7,0,0.1,21,275,2,0,0.3,2.4,2020-06-17,66,Man City,0,0,0,0,39,0,564236,0,3,0.0,2,133911,204202,70291,42,False,0,30,Arsenal,4,Man City,3,1,Arsenal,ARS,4,1170,1170,1200,1150,1240,1180
Mesut Özil,MID,Arsenal,0,0,0,0,0.0,15,275,0,0,0.0,0.0,2020-06-17,0,Man City,0,0,0,0,39,0,164952,0,3,0.0,0,43039,77261,34222,73,False,0,30,Arsenal,4,Man City,3,1,Arsenal,ARS,4,1170,1170,1200,1150,1240,1180
Mohamed Elneny,MID,Arsenal,0,0,0,0,0.0,20,275,0,0,0.0,0.0,2020-06-17,0,Man City,0,0,0,0,39,0,39256,0,3,0.0,0,-604,3518,4122,42,False,0,30,Arsenal,4,Man City,3,1,Arsenal,ARS,4,1170,1170,1200,1150,1240,1180
Nacho Monreal,DEF,Arsenal,0,0,0,0,0.0,6,275,0,0,0.0,0.0,2020-06-17,0,Man City,0,0,0,0,39,0,17986,0,3,0.0,0,-80,20,100,50,False,0,30,Arsenal,4,Man City,3,1,Arsenal,ARS,4,1170,1170,1200,1150,1240,1180
Nicolas Pépé,MID,Arsenal,0,0,0,0,0.0,488,275,0,0,0.0,0.0,2020-06-17,0,Man City,0,0,0,0,39,0,382762,0,3,0.0,0,-4554,95474,100028,93,False,0,30,Arsenal,4,Man City,3,1,Arsenal,ARS,4,1170,1170,1200,1150,1240,1180
Pablo Marí,DEF,Arsenal,0,0,3,0,0.1,617,275,0,0,0.2,1.6,2020-06-17,23,Man City,0,0,0,0,39,0,7767,0,3,0.0,1,2708,6322,3614,48,False,0,30,Arsenal,4,Man City,3,1,Arsenal,ARS,4,1170,1170,1200,1150,1240,1180
Pierre-Emerick Aubameyang,FWD,Arsenal,0,0,2,0,2.4,11,275,3,0,0.6,0.0,2020-06-17,90,Man City,0,0,0,0,39,0,2209579,0,3,5.0,2,120624,360319,239695,111,False,0,30,Arsenal,4,Man City,3,1,Arsenal,ARS,4,1170,1170,1200,1150,1240,1180
Reiss Nelson,MID,Arsenal,0,0,6,0,0.1,489,275,1,0,0.6,2.0,2020-06-17,23,Man City,0,0,0,0,39,0,8381,0,3,4.0,1,523,1274,751,53,False,0,30,Arsenal,4,Man City,3,1,Arsenal,ARS,4,1170,1170,1200,1150,1240,1180
Rob Holding,DEF,Arsenal,0,0,0,0,0.0,10,275,0,0,0.0,0.0,2020-06-17,0,Man City,0,0,0,0,39,0,8469,0,3,0.0,0,411,1011,600,44,False,0,30,Arsenal,4,Man City,3,1,Arsenal,ARS,4,1170,1170,1200,1150,1240,1180
Sead Kolasinac,DEF,Arsenal,0,0,0,0,0.0,3,275,0,0,0.0,0.0,2020-06-17,0,Man City,0,0,0,0,39,0,38306,0,3,0.0,0,2677,4766,2089,52,False,0,30,Arsenal,4,Man City,3,1,Arsenal,ARS,4,1170,1170,1200,1150,1240,1180
Shkodran Mustafi,DEF,Arsenal,0,0,8,0,0.0,1,275,3,0,0.9,8.8,2020-06-17,90,Man City,0,0,0,0,39,0,28416,0,3,0.0,1,1417,3637,2220,51,False,0,30,Arsenal,4,Man City,3,1,Arsenal,ARS,4,1170,1170,1200,1150,1240,1180
Sokratis Papastathopoulos,DEF,Arsenal,0,0,0,0,0.0,5,275,0,0,0.0,0.0,2020-06-17,0,Man City,0,0,0,0,39,0,120079,0,3,0.0,0,14307,27197,12890,48,False,0,30,Arsenal,4,Man City,3,1,Arsenal,ARS,4,1170,1170,1200,1150,1240,1180
Tyreece John-Jules,FWD,Arsenal,0,0,0,0,0.0,585,275,0,0,0.0,0.0,2020-06-17,0,Man City,0,0,0,0,39,0,387,0,3,0.0,0,1,62,61,44,False,0,30,Arsenal,4,Man City,3,1,Arsenal,ARS,4,1170,1170,1200,1150,1240,1180
Zech Medley,DEF,Arsenal,0,0,0,0,0.0,636,275,0,0,0.0,0.0,2020-06-17,0,Man City,0,0,0,0,39,0,0,0,3,0.0,0,0,0,0,40,False,0,30,Arsenal,4,Man City,3,1,Arsenal,ARS,4,1170,1170,1200,1150,1240,1180
