player_name,GW,position,team,value,kickoff_time,total_points,meta,LR,CBoost,SVR,KNN,MLP,starter,captain,sub,base_points,wildcard,triple_captain,bench_boost,actual_points
Mohamed Salah,1,MID,Liverpool,120.0,2020-09-12,20,9.0,7.0,12.0,7.0,5.0,7.0,1.0,1.0,0.0,186,0,0,0,173
Jeff Hendrick,1,MID,Newcastle,50.0,2020-09-12,14,6.0,3.0,4.0,4.0,3.0,2.0,1.0,0.0,0.0,186,0,0,0,173
Willian Borges Da Silva,1,MID,Arsenal,80.0,2020-09-12,14,6.0,3.0,6.0,4.0,4.0,4.0,1.0,0.0,0.0,186,0,0,0,173
Jorge Luiz Frello Filho,1,MID,Chelsea,50.0,2020-09-14,12,1.0,1.0,3.0,3.0,2.0,2.0,1.0,0.0,0.0,186,0,0,0,173
Vicente Guaita,1,GK,Crystal Palace,50.0,2020-09-12,10,6.0,2.0,5.0,4.0,3.0,3.0,1.0,0.0,0.0,186,0,0,0,173
Jamie Vardy,1,FWD,Leicester,100.0,2020-09-13,13,7.0,4.0,8.0,5.0,4.0,5.0,1.0,0.0,0.0,186,0,0,0,173
Gabriel Magalhães,1,DEF,Arsenal,50.0,2020-09-12,15,3.0,4.0,3.0,3.0,3.0,3.0,1.0,0.0,0.0,186,0,0,0,173
Romain Saïss,1,DEF,Wolves,50.0,2020-09-14,15,1.0,1.0,3.0,2.0,3.0,3.0,1.0,0.0,0.0,186,0,0,0,173
Reece James,1,DEF,Chelsea,50.0,2020-09-14,14,3.0,2.0,4.0,2.0,2.0,3.0,1.0,0.0,0.0,186,0,0,0,173
Timothy Castagne,1,DEF,Leicester,55.0,2020-09-13,14,3.0,4.0,3.0,3.0,4.0,4.0,1.0,0.0,0.0,186,0,0,0,173
Lucas Digne,1,DEF,Everton,60.0,2020-09-13,12,4.0,1.0,5.0,3.0,2.0,3.0,1.0,0.0,0.0,186,0,0,0,173
Mateusz Klich,1,MID,Leeds,55.0,2020-09-12,9,3.0,2.0,2.0,3.0,2.0,2.0,0.0,0.0,1.0,0,0,0,0,173
Jordan Pickford,1,GK,Everton,50.0,2020-09-13,8,1.0,1.0,4.0,3.0,3.0,3.0,0.0,0.0,1.0,0,0,0,0,173
Callum Wilson,1,FWD,Newcastle,65.0,2020-09-12,8,6.0,3.0,5.0,4.0,3.0,3.0,0.0,0.0,1.0,0,0,0,0,173
Raúl Jiménez,1,FWD,Wolves,85.0,2020-09-14,8,8.0,3.0,7.0,4.0,4.0,5.0,0.0,0.0,1.0,0,0,0,0,173
Heung-Min Son,2,MID,Spurs,89.0,2020-09-20,24,15.0,5.0,7.0,4.0,4.0,5.0,1.0,1.0,0.0,186,0,0,0,159
Sadio Mané,2,MID,Liverpool,119.0,2020-09-20,16,3.0,6.0,7.0,5.0,5.0,6.0,1.0,0.0,0.0,186,0,0,0,159
Wilfried Zaha,2,MID,Crystal Palace,70.0,2020-09-19,15,3.0,3.0,4.0,4.0,4.0,4.0,1.0,0.0,0.0,186,0,0,0,159
Hélder Wander Sousa de Azevedo e Costa,2,MID,Leeds,55.0,2020-09-19,14,3.0,4.0,3.0,4.0,3.0,4.0,1.0,0.0,0.0,186,0,0,0,159
Alisson Ramses Becker,2,GK,Liverpool,60.0,2020-09-20,14,3.0,4.0,4.0,3.0,3.0,4.0,1.0,0.0,0.0,186,0,0,0,159
Harry Kane,2,FWD,Spurs,105.0,2020-09-20,21,8.0,5.0,6.0,4.0,5.0,5.0,1.0,0.0,0.0,186,0,0,0,159
Dominic Calvert-Lewin,2,FWD,Everton,71.0,2020-09-19,17,6.0,5.0,4.0,4.0,4.0,5.0,1.0,0.0,0.0,186,0,0,0,159
Neal Maupay,2,FWD,Brighton,65.0,2020-09-20,16,6.0,3.0,4.0,4.0,3.0,4.0,1.0,0.0,0.0,186,0,0,0,159
Ezri Konsa Ngoyo,2,DEF,Aston Villa,45.0,2020-09-21,15,3.0,3.0,2.0,3.0,4.0,3.0,1.0,0.0,0.0,186,0,0,0,159
Tyrone Mings,2,DEF,Aston Villa,50.0,2020-09-21,10,3.0,3.0,3.0,3.0,3.0,3.0,1.0,0.0,0.0,186,0,0,0,159
Timothy Castagne,2,DEF,Leicester,55.0,2020-09-20,9,3.0,4.0,3.0,3.0,4.0,4.0,1.0,0.0,0.0,186,0,0,0,159
Mateusz Klich,2,MID,Leeds,55.0,2020-09-19,9,3.0,4.0,3.0,3.0,3.0,4.0,0.0,0.0,1.0,0,0,0,0,159
Vicente Guaita,2,GK,Crystal Palace,50.0,2020-09-19,3,3.0,2.0,2.0,2.0,3.0,3.0,0.0,0.0,1.0,0,0,0,0,159
Gabriel Magalhães,2,DEF,Arsenal,50.0,2020-09-19,2,3.0,4.0,3.0,3.0,3.0,3.0,0.0,0.0,1.0,0,0,0,0,159
Romain Saïss,2,DEF,Wolves,50.0,2020-09-21,1,3.0,2.0,2.0,2.0,3.0,2.0,0.0,0.0,1.0,0,0,0,0,159
Jamie Vardy,3,FWD,Leicester,100.0,2020-09-27,17,8.0,5.0,7.0,4.0,5.0,3.0,1.0,1.0,0.0,159,0,0,0,120
Jarrod Bowen,3,MID,West Ham,63.0,2020-09-27,15,3.0,4.0,4.0,4.0,3.0,4.0,1.0,0.0,0.0,159,0,0,0,120
Conor Hourihane,3,MID,Aston Villa,60.0,2020-09-28,14,3.0,3.0,3.0,3.0,3.0,4.0,1.0,0.0,0.0,159,0,0,0,120
Mason Mount,3,MID,Chelsea,69.0,2020-09-26,12,6.0,4.0,5.0,4.0,4.0,4.0,1.0,0.0,0.0,159,0,0,0,120
Bruno Miguel Borges Fernandes,3,MID,Man Utd,105.0,2020-09-26,12,6.0,6.0,8.0,5.0,6.0,5.0,1.0,0.0,0.0,159,0,0,0,120
Riyad Mahrez,3,MID,Man City,85.0,2020-09-27,12,5.0,5.0,5.0,5.0,5.0,5.0,1.0,0.0,0.0,159,0,0,0,120
Illan Meslier,3,GK,Leeds,45.0,2020-09-27,10,3.0,2.0,3.0,3.0,4.0,3.0,1.0,0.0,0.0,159,0,0,0,120
Callum Robinson,3,FWD,West Brom,55.0,2020-09-26,13,3.0,3.0,3.0,3.0,2.0,3.0,1.0,0.0,0.0,159,0,0,0,120
Arthur Masuaku,3,DEF,West Ham,45.0,2020-09-27,12,3.0,3.0,2.0,3.0,3.0,3.0,1.0,0.0,0.0,159,0,0,0,120
Tyrone Mings,3,DEF,Aston Villa,50.0,2020-09-28,12,3.0,3.0,3.0,3.0,3.0,3.0,1.0,0.0,0.0,159,0,0,0,120
Andrew Robertson,3,DEF,Liverpool,70.0,2020-09-28,10,5.0,4.0,4.0,3.0,4.0,4.0,1.0,0.0,0.0,159,0,0,0,120
Alisson Ramses Becker,3,GK,Liverpool,60.0,2020-09-28,2,3.0,4.0,3.0,3.0,3.0,4.0,0.0,0.0,1.0,0,0,0,0,120
Neal Maupay,3,FWD,Brighton,65.0,2020-09-26,8,3.0,3.0,2.0,3.0,4.0,3.0,0.0,0.0,1.0,0,0,0,0,120
Ezri Konsa Ngoyo,3,DEF,Aston Villa,45.0,2020-09-28,6,3.0,3.0,3.0,3.0,3.0,3.0,0.0,0.0,1.0,0,0,0,0,120
Timothy Castagne,3,DEF,Leicester,56.0,2020-09-27,4,3.0,2.0,2.0,2.0,3.0,3.0,0.0,0.0,1.0,0,0,0,0,120
Jack Grealish,4,MID,Aston Villa,70.0,2020-10-04,24,5.0,4.0,4.0,5.0,4.0,4.0,1.0,1.0,0.0,198,0,0,0,165
Heung-Min Son,4,MID,Spurs,90.0,2020-10-04,18,5.0,4.0,7.0,4.0,5.0,5.0,1.0,0.0,0.0,198,0,0,0,165
James Rodríguez,4,MID,Everton,77.0,2020-10-03,18,6.0,5.0,4.0,4.0,4.0,5.0,1.0,0.0,0.0,198,0,0,0,165
Jorge Luiz Frello Filho,4,MID,Chelsea,51.0,2020-10-03,15,3.0,3.0,3.0,3.0,3.0,3.0,1.0,0.0,0.0,198,0,0,0,165
Alex McCarthy,4,GK,Southampton,45.0,2020-10-04,9,3.0,4.0,4.0,4.0,3.0,4.0,1.0,0.0,0.0,198,0,0,0,165
Ollie Watkins,4,FWD,Aston Villa,60.0,2020-10-04,19,3.0,3.0,3.0,4.0,3.0,4.0,1.0,0.0,0.0,198,0,0,0,165
Callum Wilson,4,FWD,Newcastle,64.0,2020-10-03,16,6.0,4.0,5.0,4.0,4.0,4.0,1.0,0.0,0.0,198,0,0,0,165
Harry Kane,4,FWD,Spurs,105.0,2020-10-04,16,7.0,4.0,5.0,4.0,4.0,5.0,1.0,0.0,0.0,198,0,0,0,165
Benjamin Chilwell,4,DEF,Chelsea,55.0,2020-10-03,18,6.0,4.0,4.0,4.0,3.0,4.0,1.0,0.0,0.0,198,0,0,0,165
Aaron Cresswell,4,DEF,West Ham,49.0,2020-10-04,15,3.0,2.0,1.0,3.0,2.0,2.0,1.0,0.0,0.0,198,0,0,0,165
Kurt Zouma,4,DEF,Chelsea,50.0,2020-10-03,13,3.0,3.0,2.0,3.0,3.0,3.0,1.0,0.0,0.0,198,0,0,0,165
Jarrod Bowen,4,MID,West Ham,63.0,2020-10-04,8,3.0,3.0,3.0,4.0,4.0,3.0,0.0,0.0,1.0,0,0,0,0,165
Illan Meslier,4,GK,Leeds,45.0,2020-10-03,2,3.0,2.0,2.0,2.0,3.0,2.0,0.0,0.0,1.0,0,0,0,0,165
Arthur Masuaku,4,DEF,West Ham,45.0,2020-10-04,6,3.0,2.0,2.0,3.0,3.0,2.0,0.0,0.0,1.0,0,0,0,0,165
Ezri Konsa Ngoyo,4,DEF,Aston Villa,45.0,2020-10-04,1,0.0,2.0,1.0,2.0,3.0,2.0,0.0,0.0,1.0,0,0,0,0,165
Harry Kane,5,FWD,Spurs,106.0,2020-10-18,16,9.0,6.0,6.0,3.0,5.0,7.0,1.0,1.0,0.0,137,0,0,0,119
Marcus Rashford,5,MID,Man Utd,95.0,2020-10-17,15,7.0,5.0,5.0,5.0,4.0,5.0,1.0,0.0,0.0,137,0,0,0,119
Heung-Min Son,5,MID,Spurs,92.0,2020-10-18,13,9.0,6.0,6.0,2.0,5.0,6.0,1.0,0.0,0.0,137,0,0,0,119
Ross Barkley,5,MID,Aston Villa,59.0,2020-10-18,11,3.0,3.0,3.0,3.0,3.0,3.0,1.0,0.0,0.0,137,0,0,0,119
Raheem Sterling,5,MID,Man City,115.0,2020-10-17,11,5.0,6.0,7.0,6.0,6.0,7.0,1.0,0.0,0.0,137,0,0,0,119
Nick Pope,5,GK,Burnley,55.0,2020-10-19,11,6.0,4.0,5.0,4.0,3.0,4.0,1.0,0.0,0.0,137,0,0,0,119
Timo Werner,5,FWD,Chelsea,93.0,2020-10-17,16,9.0,6.0,5.0,4.0,5.0,6.0,1.0,0.0,0.0,137,0,0,0,119
Che Adams,5,FWD,Southampton,58.0,2020-10-17,11,3.0,3.0,4.0,3.0,4.0,3.0,1.0,0.0,0.0,137,0,0,0,119
Max Kilman,5,DEF,Wolves,40.0,2020-10-19,12,3.0,3.0,4.0,3.0,3.0,3.0,1.0,0.0,0.0,137,0,0,0,119
Ezri Konsa Ngoyo,5,DEF,Aston Villa,46.0,2020-10-18,6,0.0,2.0,1.0,3.0,3.0,2.0,1.0,0.0,0.0,137,0,0,0,119
Aaron Cresswell,5,DEF,West Ham,49.0,2020-10-18,5,3.0,2.0,3.0,3.0,3.0,2.0,1.0,0.0,0.0,137,0,0,0,119
Jorge Luiz Frello Filho,5,MID,Chelsea,52.0,2020-10-17,5,3.0,3.0,3.0,4.0,3.0,4.0,0.0,0.0,1.0,0,0,0,0,119
Illan Meslier,5,GK,Leeds,45.0,2020-10-19,2,3.0,3.0,3.0,3.0,4.0,3.0,0.0,0.0,1.0,0,0,0,0,119
Benjamin Chilwell,5,DEF,Chelsea,56.0,2020-10-17,3,3.0,4.0,3.0,3.0,3.0,4.0,0.0,0.0,1.0,0,0,0,0,119
Arthur Masuaku,5,DEF,West Ham,45.0,2020-10-18,0,3.0,2.0,2.0,3.0,3.0,3.0,0.0,0.0,1.0,0,0,0,0,119
Patrick Bamford,6,FWD,Leeds,58.0,2020-10-23,17,3.0,4.0,3.0,3.0,4.0,3.0,1.0,1.0,0.0,118,0,0,0,102
Wilfried Zaha,6,MID,Crystal Palace,72.0,2020-10-24,13,7.0,5.0,5.0,5.0,5.0,5.0,1.0,0.0,0.0,118,0,0,0,102
Heung-Min Son,6,MID,Spurs,94.0,2020-10-26,11,9.0,5.0,7.0,4.0,5.0,5.0,1.0,0.0,0.0,118,0,0,0,102
James Ward-Prowse,6,MID,Southampton,58.0,2020-10-25,11,3.0,4.0,3.0,4.0,3.0,4.0,1.0,0.0,0.0,118,0,0,0,102
Diogo Jota,6,MID,Liverpool,63.0,2020-10-24,9,6.0,5.0,4.0,4.0,4.0,4.0,1.0,0.0,0.0,118,0,0,0,102
Illan Meslier,6,GK,Leeds,45.0,2020-10-23,7,3.0,3.0,3.0,3.0,3.0,3.0,1.0,0.0,0.0,118,0,0,0,102
Danny Ings,6,FWD,Southampton,85.0,2020-10-25,10,9.0,5.0,5.0,4.0,5.0,5.0,1.0,0.0,0.0,118,0,0,0,102
Che Adams,6,FWD,Southampton,58.0,2020-10-25,8,3.0,4.0,3.0,3.0,4.0,4.0,1.0,0.0,0.0,118,0,0,0,102
Kurt Zouma,6,DEF,Chelsea,50.0,2020-10-24,9,3.0,2.0,1.0,3.0,3.0,3.0,1.0,0.0,0.0,118,0,0,0,102
Robin Koch,6,DEF,Leeds,45.0,2020-10-23,8,3.0,2.0,2.0,2.0,2.0,2.0,1.0,0.0,0.0,118,0,0,0,102
Benjamin Chilwell,6,DEF,Chelsea,57.0,2020-10-24,6,3.0,4.0,3.0,3.0,3.0,4.0,1.0,0.0,0.0,118,0,0,0,102
Jorge Luiz Frello Filho,6,MID,Chelsea,52.0,2020-10-24,3,3.0,3.0,2.0,3.0,3.0,3.0,0.0,0.0,1.0,0,0,0,0,102
Nick Pope,6,GK,Burnley,55.0,2020-10-26,2,3.0,4.0,3.0,3.0,3.0,4.0,0.0,0.0,1.0,0,0,0,0,102
Aaron Cresswell,6,DEF,West Ham,50.0,2020-10-24,2,3.0,3.0,2.0,3.0,3.0,2.0,0.0,0.0,1.0,0,0,0,0,102
Max Kilman,6,DEF,Wolves,41.0,2020-10-25,2,3.0,3.0,4.0,3.0,3.0,3.0,0.0,0.0,1.0,0,0,0,0,102
James Ward-Prowse,7,MID,Southampton,58.0,2020-11-01,17,3.0,3.0,3.0,4.0,3.0,3.0,1.0,1.0,0.0,176,0,0,0,138
Youri Tielemans,7,MID,Leicester,64.0,2020-11-02,15,3.0,4.0,4.0,3.0,3.0,4.0,1.0,0.0,0.0,176,0,0,0,138
Jack Grealish,7,MID,Aston Villa,73.0,2020-11-01,15,4.0,5.0,3.0,4.0,5.0,4.0,1.0,0.0,0.0,176,0,0,0,138
Hakim Ziyech,7,MID,Chelsea,79.0,2020-10-31,14,6.0,4.0,5.0,4.0,4.0,5.0,1.0,0.0,0.0,176,0,0,0,138
Bernd Leno,7,GK,Arsenal,50.0,2020-11-01,7,3.0,3.0,4.0,3.0,4.0,3.0,1.0,0.0,0.0,176,0,0,0,138
Jamie Vardy,7,FWD,Leicester,100.0,2020-11-02,14,4.0,6.0,7.0,5.0,6.0,5.0,1.0,0.0,0.0,176,0,0,0,138
Callum Wilson,7,FWD,Newcastle,65.0,2020-11-01,12,3.0,4.0,3.0,4.0,4.0,4.0,1.0,0.0,0.0,176,0,0,0,138
Kyle Walker,7,DEF,Man City,60.0,2020-10-31,15,3.0,4.0,4.0,3.0,3.0,4.0,1.0,0.0,0.0,176,0,0,0,138
Ola Aina,7,DEF,Fulham,45.0,2020-11-02,15,3.0,3.0,3.0,3.0,3.0,3.0,1.0,0.0,0.0,176,0,0,0,138
Rayan Ait Nouri,7,DEF,Wolves,50.0,2020-10-30,15,3.0,4.0,4.0,3.0,4.0,3.0,1.0,0.0,0.0,176,0,0,0,138
Kurt Zouma,7,DEF,Chelsea,51.0,2020-10-31,14,3.0,3.0,4.0,3.0,4.0,3.0,1.0,0.0,0.0,176,0,0,0,138
Diogo Jota,7,MID,Liverpool,63.0,2020-10-31,8,0.0,2.0,1.0,2.0,3.0,2.0,0.0,0.0,1.0,0,0,0,0,138
Nick Pope,7,GK,Burnley,54.0,2020-10-31,3,3.0,4.0,3.0,4.0,4.0,4.0,0.0,0.0,1.0,0,0,0,0,138
Danny Ings,7,FWD,Southampton,85.0,2020-11-01,6,8.0,5.0,6.0,4.0,6.0,4.0,0.0,0.0,1.0,0,0,0,0,138
Benjamin Chilwell,7,DEF,Chelsea,58.0,2020-10-31,6,6.0,4.0,5.0,3.0,3.0,4.0,0.0,0.0,1.0,0,0,0,0,138
Bruno Miguel Borges Fernandes,8,MID,Man Utd,105.0,2020-11-07,17,2.0,6.0,8.0,6.0,6.0,5.0,1.0,1.0,0.0,142,0,0,0,114
Eberechi Eze,8,MID,Crystal Palace,58.0,2020-11-07,13,3.0,4.0,3.0,4.0,4.0,4.0,1.0,0.0,0.0,142,0,0,0,114
Hakim Ziyech,8,MID,Chelsea,80.0,2020-11-07,11,7.0,5.0,4.0,4.0,4.0,5.0,1.0,0.0,0.0,142,0,0,0,114
Stuart Armstrong,8,MID,Southampton,55.0,2020-11-06,10,3.0,4.0,3.0,4.0,3.0,4.0,1.0,0.0,0.0,142,0,0,0,114
Jack Grealish,8,MID,Aston Villa,74.0,2020-11-08,6,10.0,4.0,5.0,4.0,5.0,5.0,1.0,0.0,0.0,142,0,0,0,114
Lukasz Fabianski,8,GK,West Ham,50.0,2020-11-07,15,1.0,4.0,4.0,5.0,4.0,4.0,1.0,0.0,0.0,142,0,0,0,114
Ollie Watkins,8,FWD,Aston Villa,60.0,2020-11-08,13,3.0,3.0,4.0,3.0,4.0,3.0,1.0,0.0,0.0,142,0,0,0,114
Gabriel Fernando de Jesus,8,FWD,Man City,93.0,2020-11-08,9,7.0,5.0,5.0,3.0,5.0,5.0,1.0,0.0,0.0,142,0,0,0,114
Matt Doherty,8,DEF,Spurs,58.0,2020-11-08,12,3.0,4.0,4.0,3.0,3.0,4.0,1.0,0.0,0.0,142,0,0,0,114
Matt Targett,8,DEF,Aston Villa,45.0,2020-11-08,11,3.0,2.0,3.0,3.0,3.0,3.0,1.0,0.0,0.0,142,0,0,0,114
Benjamin Chilwell,8,DEF,Chelsea,59.0,2020-11-07,8,5.0,4.0,3.0,4.0,4.0,4.0,1.0,0.0,0.0,142,0,0,0,114
Nick Pope,8,GK,Burnley,54.0,2020-11-06,9,3.0,4.0,4.0,4.0,4.0,3.0,0.0,0.0,1.0,0,0,0,0,114
Jamie Vardy,8,FWD,Leicester,100.0,2020-11-08,4,7.0,5.0,6.0,4.0,5.0,5.0,0.0,0.0,1.0,0,0,0,0,114
Kurt Zouma,8,DEF,Chelsea,53.0,2020-11-07,2,3.0,4.0,3.0,4.0,4.0,4.0,0.0,0.0,1.0,0,0,0,0,114
Ola Aina,8,DEF,Fulham,45.0,2020-11-07,2,3.0,3.0,2.0,2.0,2.0,2.0,0.0,0.0,1.0,0,0,0,0,114
Dominic Calvert-Lewin,9,FWD,Everton,78.0,2020-11-22,13,5.0,5.0,5.0,5.0,5.0,6.0,1.0,1.0,0.0,123,0,0,0,96
Bruno Miguel Borges Fernandes,9,MID,Man Utd,107.0,2020-11-21,11,5.0,7.0,6.0,6.0,6.0,7.0,1.0,0.0,0.0,123,0,0,0,96
James Milner,9,MID,Liverpool,53.0,2020-11-22,11,3.0,3.0,3.0,3.0,3.0,3.0,1.0,0.0,0.0,123,0,0,0,96
Heung-Min Son,9,MID,Spurs,95.0,2020-11-21,10,3.0,5.0,4.0,4.0,5.0,5.0,1.0,0.0,0.0,123,0,0,0,96
Nick Pope,9,GK,Burnley,54.0,2020-11-23,10,3.0,4.0,4.0,4.0,4.0,4.0,1.0,0.0,0.0,123,0,0,0,96
Danny Welbeck,9,FWD,Brighton,55.0,2020-11-21,9,3.0,3.0,3.0,3.0,4.0,4.0,1.0,0.0,0.0,123,0,0,0,96
Andrew Robertson,9,DEF,Liverpool,71.0,2020-11-22,12,3.0,4.0,4.0,4.0,4.0,4.0,1.0,0.0,0.0,123,0,0,0,96
Héctor Bellerín,9,DEF,Arsenal,51.0,2020-11-22,9,3.0,4.0,4.0,3.0,3.0,4.0,1.0,0.0,0.0,123,0,0,0,96
Ezgjan Alioski,9,DEF,Leeds,44.0,2020-11-22,9,3.0,3.0,2.0,3.0,2.0,3.0,1.0,0.0,0.0,123,0,0,0,96
Benjamin Chilwell,9,DEF,Chelsea,60.0,2020-11-21,7,1.0,5.0,6.0,4.0,4.0,4.0,1.0,0.0,0.0,123,0,0,0,96
Kurt Zouma,9,DEF,Chelsea,54.0,2020-11-21,6,6.0,4.0,5.0,4.0,3.0,3.0,1.0,0.0,0.0,123,0,0,0,96
Hakim Ziyech,9,MID,Chelsea,82.0,2020-11-21,3,7.0,5.0,6.0,3.0,5.0,5.0,0.0,0.0,1.0,0,0,0,0,96
Stuart Armstrong,9,MID,Southampton,55.0,2020-11-23,2,3.0,3.0,3.0,3.0,4.0,4.0,0.0,0.0,1.0,0,0,0,0,96
Lukasz Fabianski,9,GK,West Ham,50.0,2020-11-22,9,3.0,4.0,4.0,4.0,4.0,4.0,0.0,0.0,1.0,0,0,0,0,96
Jamie Vardy,9,FWD,Leicester,101.0,2020-11-22,2,5.0,4.0,5.0,5.0,5.0,6.0,0.0,0.0,1.0,0,0,0,0,96
Riyad Mahrez,10,MID,Man City,82.0,2020-11-28,21,9.0,5.0,6.0,4.0,5.0,5.0,1.0,1.0,0.0,149,0,0,0,127
Jarrod Bowen,10,MID,West Ham,63.0,2020-11-30,13,3.0,4.0,4.0,4.0,3.0,4.0,1.0,0.0,0.0,149,0,0,0,127
Pedro Lomba Neto,10,MID,Wolves,55.0,2020-11-29,13,3.0,3.0,2.0,4.0,3.0,4.0,1.0,0.0,0.0,149,0,0,0,127
James Ward-Prowse,10,MID,Southampton,60.0,2020-11-29,11,3.0,3.0,3.0,4.0,3.0,3.0,1.0,0.0,0.0,149,0,0,0,127
Bruno Miguel Borges Fernandes,10,MID,Man Utd,108.0,2020-11-29,10,7.0,6.0,6.0,6.0,6.0,5.0,1.0,0.0,0.0,149,0,0,0,127
Illan Meslier,10,GK,Leeds,45.0,2020-11-28,11,3.0,3.0,3.0,3.0,3.0,4.0,1.0,0.0,0.0,149,0,0,0,127
Edinson Cavani,10,FWD,Man Utd,80.0,2020-11-29,15,3.0,2.0,2.0,3.0,2.0,2.0,1.0,0.0,0.0,149,0,0,0,127
Callum Wilson,10,FWD,Newcastle,65.0,2020-11-27,12,5.0,4.0,5.0,4.0,5.0,3.0,1.0,0.0,0.0,149,0,0,0,127
Benjamin Mendy,10,DEF,Man City,59.0,2020-11-28,14,6.0,4.0,5.0,3.0,3.0,4.0,1.0,0.0,0.0,149,0,0,0,127
Benjamin Chilwell,10,DEF,Chelsea,61.0,2020-11-29,8,5.0,4.0,5.0,5.0,5.0,5.0,1.0,0.0,0.0,149,0,0,0,127
Ezgjan Alioski,10,DEF,Leeds,44.0,2020-11-28,6,3.0,3.0,2.0,2.0,2.0,2.0,1.0,0.0,0.0,149,0,0,0,127
Lukasz Fabianski,10,GK,West Ham,50.0,2020-11-30,3,3.0,4.0,4.0,4.0,4.0,4.0,0.0,0.0,1.0,0,0,0,0,127
Jamie Vardy,10,FWD,Leicester,102.0,2020-11-30,5,7.0,6.0,6.0,4.0,5.0,6.0,0.0,0.0,1.0,0,0,0,0,127
Kurt Zouma,10,DEF,Chelsea,55.0,2020-11-29,5,6.0,3.0,4.0,4.0,4.0,4.0,0.0,0.0,1.0,0,0,0,0,127
Andrew Robertson,10,DEF,Liverpool,71.0,2020-11-28,2,7.0,5.0,5.0,3.0,4.0,4.0,0.0,0.0,1.0,0,0,0,0,127
Wilfried Zaha,11,MID,Crystal Palace,73.0,2020-12-06,18,9.0,5.0,5.0,4.0,5.0,5.0,1.0,1.0,0.0,150,0,0,0,114
Kevin De Bruyne,11,MID,Man City,117.0,2020-12-05,14,6.0,7.0,7.0,7.0,6.0,8.0,1.0,0.0,0.0,150,0,0,0,114
Heung-Min Son,11,MID,Spurs,95.0,2020-12-06,13,6.0,6.0,6.0,5.0,6.0,7.0,1.0,0.0,0.0,150,0,0,0,114
Raheem Sterling,11,MID,Man City,114.0,2020-12-05,13,5.0,7.0,8.0,5.0,6.0,7.0,1.0,0.0,0.0,150,0,0,0,114
Jordan Henderson,11,MID,Liverpool,54.0,2020-12-06,11,3.0,3.0,3.0,3.0,3.0,3.0,1.0,0.0,0.0,150,0,0,0,114
Caoimhin Kelleher,11,GK,Liverpool,45.0,2020-12-06,7,3.0,3.0,3.0,4.0,2.0,4.0,1.0,0.0,0.0,150,0,0,0,114
Christian Benteke,11,FWD,Crystal Palace,55.0,2020-12-06,13,3.0,3.0,3.0,3.0,3.0,4.0,1.0,0.0,0.0,150,0,0,0,114
Harry Kane,11,FWD,Spurs,109.0,2020-12-06,12,6.0,6.0,4.0,4.0,5.0,7.0,1.0,0.0,0.0,150,0,0,0,114
Joel Matip,11,DEF,Liverpool,54.0,2020-12-06,14,3.0,3.0,3.0,3.0,3.0,3.0,1.0,0.0,0.0,150,0,0,0,114
Jannik Vestergaard,11,DEF,Southampton,48.0,2020-12-07,9,3.0,3.0,4.0,3.0,3.0,3.0,1.0,0.0,0.0,150,0,0,0,114
Kurt Zouma,11,DEF,Chelsea,56.0,2020-12-05,8,3.0,4.0,5.0,4.0,4.0,5.0,1.0,0.0,0.0,150,0,0,0,114
Illan Meslier,11,GK,Leeds,46.0,2020-12-05,3,3.0,3.0,3.0,3.0,3.0,4.0,0.0,0.0,1.0,0,0,0,0,114
Jamie Vardy,11,FWD,Leicester,103.0,2020-12-06,8,6.0,5.0,6.0,5.0,5.0,6.0,0.0,0.0,1.0,0,0,0,0,114
Benjamin Mendy,11,DEF,Man City,59.0,2020-12-05,6,6.0,5.0,4.0,4.0,4.0,5.0,0.0,0.0,1.0,0,0,0,0,114
Ezgjan Alioski,11,DEF,Leeds,44.0,2020-12-05,1,3.0,2.0,2.0,2.0,3.0,3.0,0.0,0.0,1.0,0,0,0,0,114
James Maddison,12,MID,Leicester,70.0,2020-12-13,16,6.0,4.0,4.0,4.0,3.0,4.0,1.0,1.0,0.0,132,0,0,0,107
Gylfi Sigurdsson,12,MID,Everton,68.0,2020-12-12,11,3.0,3.0,2.0,3.0,3.0,3.0,1.0,0.0,0.0,132,0,0,0,107
Miguel Almirón,12,MID,Newcastle,56.0,2020-12-12,9,3.0,4.0,4.0,4.0,4.0,4.0,1.0,0.0,0.0,132,0,0,0,107
Nick Pope,12,GK,Burnley,54.0,2020-12-13,11,3.0,4.0,4.0,4.0,4.0,4.0,1.0,0.0,0.0,132,0,0,0,107
Jamie Vardy,12,FWD,Leicester,103.0,2020-12-13,13,7.0,6.0,6.0,5.0,5.0,6.0,1.0,0.0,0.0,132,0,0,0,107
Bobby Decordova-Reid,12,FWD,Fulham,53.0,2020-12-13,9,3.0,2.0,3.0,3.0,3.0,3.0,1.0,0.0,0.0,132,0,0,0,107
Harry Kane,12,FWD,Spurs,109.0,2020-12-13,9,7.0,6.0,7.0,5.0,5.0,7.0,1.0,0.0,0.0,132,0,0,0,107
Jan Bednarek,12,DEF,Southampton,45.0,2020-12-13,12,3.0,3.0,4.0,3.0,3.0,3.0,1.0,0.0,0.0,132,0,0,0,107
Angelo Ogbonna,12,DEF,West Ham,49.0,2020-12-11,11,3.0,3.0,4.0,3.0,3.0,3.0,1.0,0.0,0.0,132,0,0,0,107
James Justin,12,DEF,Leicester,49.0,2020-12-13,11,6.0,4.0,5.0,3.0,3.0,4.0,1.0,0.0,0.0,132,0,0,0,107
Jannik Vestergaard,12,DEF,Southampton,48.0,2020-12-13,7,6.0,3.0,5.0,4.0,3.0,4.0,1.0,0.0,0.0,132,0,0,0,107
Heung-Min Son,12,MID,Spurs,96.0,2020-12-13,5,6.0,6.0,8.0,5.0,6.0,7.0,0.0,0.0,1.0,0,0,0,0,107
Raheem Sterling,12,MID,Man City,114.0,2020-12-12,3,7.0,6.0,5.0,4.0,5.0,5.0,0.0,0.0,1.0,0,0,0,0,107
Illan Meslier,12,GK,Leeds,46.0,2020-12-11,3,3.0,4.0,2.0,3.0,3.0,4.0,0.0,0.0,1.0,0,0,0,0,107
Kurt Zouma,12,DEF,Chelsea,57.0,2020-12-12,2,3.0,4.0,4.0,4.0,4.0,4.0,0.0,0.0,1.0,0,0,0,0,107
Marcus Rashford,13,MID,Man Utd,94.0,2020-12-17,14,6.0,5.0,5.0,4.0,5.0,5.0,1.0,1.0,0.0,127,0,0,0,105
Jack Harrison,13,MID,Leeds,54.0,2020-12-16,12,3.0,3.0,3.0,3.0,3.0,3.0,1.0,0.0,0.0,127,0,0,0,105
Heung-Min Son,13,MID,Spurs,96.0,2020-12-16,9,6.0,5.0,6.0,4.0,6.0,6.0,1.0,0.0,0.0,127,0,0,0,105
Raheem Sterling,13,MID,Man City,114.0,2020-12-15,7,7.0,7.0,8.0,5.0,6.0,7.0,1.0,0.0,0.0,127,0,0,0,105
Nick Pope,13,GK,Burnley,54.0,2020-12-17,11,3.0,4.0,3.0,4.0,4.0,4.0,1.0,0.0,0.0,127,0,0,0,105
David McGoldrick,13,FWD,Sheffield Utd,52.0,2020-12-17,13,3.0,3.0,3.0,3.0,2.0,3.0,1.0,0.0,0.0,127,0,0,0,105
Rodrigo Moreno,13,FWD,Leeds,57.0,2020-12-16,12,3.0,3.0,3.0,3.0,2.0,3.0,1.0,0.0,0.0,127,0,0,0,105
Anthony Martial,13,FWD,Man Utd,87.0,2020-12-17,10,6.0,5.0,5.0,4.0,3.0,5.0,1.0,0.0,0.0,127,0,0,0,105
Mason Holgate,13,DEF,Everton,48.0,2020-12-16,14,3.0,2.0,2.0,3.0,3.0,3.0,1.0,0.0,0.0,127,0,0,0,105
Tosin Adarabioyo,13,DEF,Fulham,45.0,2020-12-16,9,3.0,3.0,3.0,3.0,2.0,3.0,1.0,0.0,0.0,127,0,0,0,105
Ahmed El Mohamady,13,DEF,Aston Villa,43.0,2020-12-17,8,3.0,3.0,3.0,3.0,3.0,3.0,1.0,0.0,0.0,127,0,0,0,105
Gylfi Sigurdsson,13,MID,Everton,68.0,2020-12-16,3,3.0,2.0,3.0,3.0,3.0,3.0,0.0,0.0,1.0,0,0,0,0,105
Illan Meslier,13,GK,Leeds,46.0,2020-12-16,1,3.0,4.0,3.0,3.0,4.0,3.0,0.0,0.0,1.0,0,0,0,0,105
Angelo Ogbonna,13,DEF,West Ham,49.0,2020-12-16,2,3.0,3.0,2.0,4.0,3.0,3.0,0.0,0.0,1.0,0,0,0,0,105
Jannik Vestergaard,13,DEF,Southampton,49.0,2020-12-16,2,3.0,3.0,2.0,4.0,3.0,3.0,0.0,0.0,1.0,0,0,0,0,105
Scott McTominay,14,MID,Man Utd,49.0,2020-12-20,18,3.0,3.0,3.0,3.0,3.0,3.0,1.0,1.0,0.0,161,0,0,0,133
Bruno Miguel Borges Fernandes,14,MID,Man Utd,110.0,2020-12-20,17,7.0,7.0,7.0,6.0,6.0,7.0,1.0,0.0,0.0,161,0,0,0,133
Mohamed Salah,14,MID,Liverpool,124.0,2020-12-19,16,8.0,5.0,4.0,4.0,6.0,5.0,1.0,0.0,0.0,161,0,0,0,133
Anwar El Ghazi,14,MID,Aston Villa,57.0,2020-12-20,16,3.0,4.0,4.0,4.0,3.0,4.0,1.0,0.0,0.0,161,0,0,0,133
Alisson Ramses Becker,14,GK,Liverpool,59.0,2020-12-19,7,3.0,4.0,4.0,4.0,3.0,4.0,1.0,0.0,0.0,161,0,0,0,133
Roberto Firmino,14,FWD,Liverpool,92.0,2020-12-19,16,5.0,5.0,5.0,4.0,4.0,5.0,1.0,0.0,0.0,161,0,0,0,133
Tammy Abraham,14,FWD,Chelsea,72.0,2020-12-21,13,3.0,4.0,4.0,4.0,4.0,4.0,1.0,0.0,0.0,161,0,0,0,133
Anthony Martial,14,FWD,Man Utd,87.0,2020-12-20,12,7.0,6.0,5.0,4.0,4.0,5.0,1.0,0.0,0.0,161,0,0,0,133
Thiago Thiago,14,DEF,Chelsea,55.0,2020-12-21,14,3.0,3.0,3.0,3.0,3.0,3.0,1.0,0.0,0.0,161,0,0,0,133
Yerry Mina,14,DEF,Everton,55.0,2020-12-19,11,3.0,3.0,3.0,3.0,3.0,3.0,1.0,0.0,0.0,161,0,0,0,133
Tosin Adarabioyo,14,DEF,Fulham,45.0,2020-12-19,7,3.0,3.0,3.0,3.0,2.0,2.0,1.0,0.0,0.0,161,0,0,0,133
Raheem Sterling,14,MID,Man City,114.0,2020-12-19,8,5.0,6.0,5.0,4.0,5.0,5.0,0.0,0.0,1.0,0,0,0,0,133
Nick Pope,14,GK,Burnley,54.0,2020-12-21,2,5.0,4.0,5.0,4.0,4.0,5.0,0.0,0.0,1.0,0,0,0,0,133
Jannik Vestergaard,14,DEF,Southampton,50.0,2020-12-19,2,3.0,3.0,2.0,3.0,3.0,3.0,0.0,0.0,1.0,0,0,0,0,133
Mason Holgate,14,DEF,Everton,48.0,2020-12-19,2,3.0,3.0,3.0,3.0,3.0,3.0,0.0,0.0,1.0,0,0,0,0,133
Kortney Hause,15,DEF,Aston Villa,44.0,2020-12-26,15,3.0,3.0,2.0,3.0,3.0,2.0,1.0,1.0,0.0,134,0,0,0,108
Bukayo Saka,15,MID,Arsenal,51.0,2020-12-26,13,3.0,3.0,3.0,3.0,3.0,3.0,1.0,0.0,0.0,134,0,0,0,108
Bruno Miguel Borges Fernandes,15,MID,Man Utd,110.0,2020-12-26,12,5.0,6.0,6.0,5.0,6.0,7.0,1.0,0.0,0.0,134,0,0,0,108
Tanguy Ndombele,15,MID,Spurs,59.0,2020-12-27,11,3.0,3.0,3.0,3.0,3.0,3.0,1.0,0.0,0.0,134,0,0,0,108
Ilkay Gündogan,15,MID,Man City,54.0,2020-12-26,11,3.0,4.0,3.0,3.0,3.0,3.0,1.0,0.0,0.0,134,0,0,0,108
Anwar El Ghazi,15,MID,Aston Villa,57.0,2020-12-26,9,3.0,4.0,3.0,3.0,3.0,4.0,1.0,0.0,0.0,134,0,0,0,108
Illan Meslier,15,GK,Leeds,46.0,2020-12-27,11,3.0,4.0,3.0,3.0,3.0,4.0,1.0,0.0,0.0,134,0,0,0,108
Ollie Watkins,15,FWD,Aston Villa,61.0,2020-12-26,11,3.0,4.0,4.0,3.0,4.0,4.0,1.0,0.0,0.0,134,0,0,0,108
Romain Saïss,15,DEF,Wolves,51.0,2020-12-27,10,3.0,3.0,2.0,2.0,2.0,3.0,1.0,0.0,0.0,134,0,0,0,108
Yerry Mina,15,DEF,Everton,55.0,2020-12-26,7,3.0,3.0,3.0,3.0,3.0,3.0,1.0,0.0,0.0,134,0,0,0,108
Mason Holgate,15,DEF,Everton,48.0,2020-12-26,7,3.0,3.0,3.0,3.0,2.0,3.0,1.0,0.0,0.0,134,0,0,0,108
Nick Pope,15,GK,Burnley,54.0,2020-12-27,3,7.0,5.0,5.0,4.0,4.0,5.0,0.0,0.0,1.0,0,0,0,0,108
Tammy Abraham,15,FWD,Chelsea,72.0,2020-12-26,6,3.0,4.0,4.0,4.0,3.0,4.0,0.0,0.0,1.0,0,0,0,0,108
Anthony Martial,15,FWD,Man Utd,87.0,2020-12-26,2,9.0,4.0,6.0,4.0,5.0,5.0,0.0,0.0,1.0,0,0,0,0,108
Tosin Adarabioyo,15,DEF,Fulham,45.0,2020-12-26,6,3.0,3.0,2.0,3.0,3.0,3.0,0.0,0.0,1.0,0,0,0,0,108
Ben Mee,16,DEF,Burnley,49.0,2020-12-29,15,3.0,3.0,4.0,4.0,3.0,3.0,1.0,1.0,0.0,107,0,0,0,89
Harvey Barnes,16,MID,Leicester,67.0,2020-12-28,8,6.0,4.0,5.0,4.0,4.0,4.0,1.0,0.0,0.0,107,0,0,0,89
Anwar El Ghazi,16,MID,Aston Villa,57.0,2020-12-28,7,3.0,4.0,3.0,4.0,4.0,3.0,1.0,0.0,0.0,107,0,0,0,89
Bruno Miguel Borges Fernandes,16,MID,Man Utd,111.0,2020-12-29,6,7.0,6.0,6.0,5.0,7.0,8.0,1.0,0.0,0.0,107,0,0,0,89
Bukayo Saka,16,MID,Arsenal,51.0,2020-12-29,6,3.0,3.0,3.0,3.0,3.0,3.0,1.0,0.0,0.0,107,0,0,0,89
Illan Meslier,16,GK,Leeds,46.0,2020-12-29,6,6.0,4.0,5.0,3.0,4.0,4.0,1.0,0.0,0.0,107,0,0,0,89
Olivier Giroud,16,FWD,Chelsea,67.0,2020-12-28,8,3.0,4.0,4.0,3.0,4.0,4.0,1.0,0.0,0.0,107,0,0,0,89
Stuart Dallas,16,DEF,Leeds,47.0,2020-12-29,12,3.0,3.0,4.0,4.0,4.0,4.0,1.0,0.0,0.0,107,0,0,0,89
Ezgjan Alioski,16,DEF,Leeds,44.0,2020-12-29,12,3.0,3.0,4.0,3.0,3.0,3.0,1.0,0.0,0.0,107,0,0,0,89
Rob Holding,16,DEF,Arsenal,44.0,2020-12-29,9,3.0,3.0,2.0,3.0,3.0,2.0,1.0,0.0,0.0,107,0,0,0,89
Eric Bailly,16,DEF,Man Utd,49.0,2020-12-29,9,3.0,3.0,3.0,3.0,3.0,3.0,1.0,0.0,0.0,107,0,0,0,89
Ilkay Gündogan,16,MID,Man City,56.0,2020-10-17,0,3.0,4.0,4.0,3.0,4.0,4.0,0.0,0.0,1.0,0,0,0,0,89
Nick Pope,16,GK,Burnley,54.0,2020-12-29,6,5.0,5.0,4.0,4.0,4.0,4.0,0.0,0.0,1.0,0,0,0,0,89
Ollie Watkins,16,FWD,Aston Villa,61.0,2020-12-28,2,3.0,4.0,4.0,3.0,4.0,3.0,0.0,0.0,1.0,0,0,0,0,89
Anthony Martial,16,FWD,Man Utd,87.0,2020-12-29,1,3.0,3.0,2.0,3.0,3.0,4.0,0.0,0.0,1.0,0,0,0,0,89
Kieran Tierney,17,DEF,Arsenal,53.0,2021-01-02,18,3.0,4.0,4.0,4.0,4.0,4.0,1.0,1.0,0.0,141,0,0,0,121
Phil Foden,17,MID,Man City,62.0,2021-01-03,14,3.0,4.0,3.0,3.0,4.0,4.0,1.0,0.0,0.0,141,0,0,0,121
Heung-Min Son,17,MID,Spurs,97.0,2021-01-02,13,8.0,7.0,6.0,4.0,6.0,7.0,1.0,0.0,0.0,141,0,0,0,121
Kevin De Bruyne,17,MID,Man City,117.0,2021-01-03,13,4.0,6.0,5.0,4.0,6.0,6.0,1.0,0.0,0.0,141,0,0,0,121
Bruno Miguel Borges Fernandes,17,MID,Man Utd,112.0,2021-01-01,10,4.0,7.0,6.0,5.0,7.0,8.0,1.0,0.0,0.0,141,0,0,0,121
Ilkay Gündogan,17,MID,Man City,54.0,2021-01-03,9,3.0,3.0,2.0,3.0,3.0,3.0,1.0,0.0,0.0,141,0,0,0,121
Vicente Guaita,17,GK,Crystal Palace,48.0,2021-01-02,7,3.0,4.0,4.0,4.0,4.0,4.0,1.0,0.0,0.0,141,0,0,0,121
Alexandre Lacazette,17,FWD,Arsenal,82.0,2021-01-02,12,6.0,5.0,5.0,4.0,4.0,5.0,1.0,0.0,0.0,141,0,0,0,121
Harry Kane,17,FWD,Spurs,110.0,2021-01-02,12,8.0,7.0,5.0,4.0,5.0,7.0,1.0,0.0,0.0,141,0,0,0,121
Toby Alderweireld,17,DEF,Spurs,54.0,2021-01-02,13,3.0,4.0,4.0,4.0,4.0,4.0,1.0,0.0,0.0,141,0,0,0,121
Rob Holding,17,DEF,Arsenal,44.0,2021-01-02,10,3.0,3.0,3.0,4.0,3.0,3.0,1.0,0.0,0.0,141,0,0,0,121
Illan Meslier,17,GK,Leeds,46.0,2021-01-02,2,3.0,3.0,4.0,3.0,3.0,3.0,0.0,0.0,1.0,0,0,0,0,121
Anthony Martial,17,FWD,Man Utd,87.0,2021-01-01,6,6.0,5.0,5.0,4.0,4.0,6.0,0.0,0.0,1.0,0,0,0,0,121
Stuart Dallas,17,DEF,Leeds,48.0,2021-01-02,1,3.0,3.0,3.0,3.0,4.0,3.0,0.0,0.0,1.0,0,0,0,0,121
Eric Bailly,17,DEF,Man Utd,49.0,2021-01-01,1,3.0,3.0,2.0,3.0,4.0,3.0,0.0,0.0,1.0,0,0,0,0,121
Phil Foden,18,MID,Man City,62.0,2021-01-13,11,5.0,4.0,5.0,4.0,4.0,4.0,1.0,1.0,0.0,102,0,0,0,90
Paul Pogba,18,MID,Man Utd,77.0,2021-01-12,11,3.0,4.0,3.0,3.0,3.0,4.0,1.0,0.0,0.0,102,0,0,0,90
Ivan Ricardo Neves Abreu Cavaleiro,18,MID,Fulham,53.0,2021-01-13,8,3.0,3.0,3.0,3.0,3.0,4.0,1.0,0.0,0.0,102,0,0,0,90
Kevin De Bruyne,18,MID,Man City,118.0,2021-01-13,6,8.0,7.0,9.0,6.0,6.0,7.0,1.0,0.0,0.0,102,0,0,0,90
Vicente Guaita,18,GK,Crystal Palace,48.0,2021-01-14,10,3.0,3.0,4.0,4.0,3.0,3.0,1.0,0.0,0.0,102,0,0,0,90
Harry Kane,18,FWD,Spurs,110.0,2021-01-13,8,9.0,7.0,6.0,4.0,6.0,7.0,1.0,0.0,0.0,102,0,0,0,90
Michael Keane,18,DEF,Everton,51.0,2021-01-12,11,3.0,2.0,3.0,3.0,3.0,2.0,1.0,0.0,0.0,102,0,0,0,90
Ethan Ampadu,18,DEF,Sheffield Utd,43.0,2021-01-12,9,3.0,3.0,2.0,3.0,3.0,3.0,1.0,0.0,0.0,102,0,0,0,90
Tyrick Mitchell,18,DEF,Crystal Palace,39.0,2021-01-14,8,3.0,3.0,2.0,3.0,3.0,3.0,1.0,0.0,0.0,102,0,0,0,90
Eric Bailly,18,DEF,Man Utd,49.0,2021-01-12,7,3.0,3.0,2.0,3.0,3.0,3.0,1.0,0.0,0.0,102,0,0,0,90
Rob Holding,18,DEF,Arsenal,45.0,2021-01-14,6,3.0,3.0,3.0,3.0,3.0,3.0,1.0,0.0,0.0,102,0,0,0,90
Ilkay Gündogan,18,MID,Man City,54.0,2021-01-13,3,3.0,4.0,4.0,4.0,4.0,4.0,0.0,0.0,1.0,0,0,0,0,90
Illan Meslier,18,GK,Leeds,46.0,2020-09-12,0,3.0,3.0,3.0,3.0,3.0,4.0,0.0,0.0,1.0,0,0,0,0,90
Alexandre Lacazette,18,FWD,Arsenal,83.0,2021-01-14,2,9.0,5.0,6.0,4.0,5.0,5.0,0.0,0.0,1.0,0,0,0,0,90
Anthony Martial,18,FWD,Man Utd,88.0,2021-01-12,2,9.0,5.0,5.0,4.0,5.0,5.0,0.0,0.0,1.0,0,0,0,0,90
John Stones,19,DEF,Man City,50.0,2021-01-17,27,3.0,4.0,4.0,4.0,4.0,4.0,1.0,1.0,0.0,217,0,0,0,193
Matheus Pereira,19,MID,West Brom,56.0,2021-01-19,24,3.0,3.0,3.0,3.0,3.0,3.0,1.0,0.0,0.0,217,0,0,0,193
Ilkay Gündogan,19,MID,Man City,55.0,2021-01-17,18,3.0,4.0,4.0,4.0,4.0,3.0,1.0,0.0,0.0,217,0,0,0,193
James Maddison,19,MID,Leicester,71.0,2021-01-16,17,3.0,4.0,4.0,4.0,4.0,4.0,1.0,0.0,0.0,217,0,0,0,193
Pierre-Emerick Aubameyang,19,MID,Arsenal,113.0,2021-01-18,15,7.0,6.0,6.0,4.0,5.0,5.0,1.0,0.0,0.0,217,0,0,0,193
Paul Pogba,19,MID,Man Utd,77.0,2021-01-17,12,3.0,3.0,3.0,3.0,3.0,4.0,1.0,0.0,0.0,217,0,0,0,193
Kasper Schmeichel,19,GK,Leicester,55.0,2021-01-16,17,3.0,4.0,4.0,4.0,4.0,4.0,1.0,0.0,0.0,217,0,0,0,193
Michail Antonio,19,FWD,West Ham,63.0,2021-01-16,18,8.0,5.0,5.0,4.0,4.0,4.0,1.0,0.0,0.0,217,0,0,0,193
Matt Targett,19,DEF,Aston Villa,46.0,2021-01-20,18,1.0,2.0,1.0,2.0,2.0,2.0,1.0,0.0,0.0,217,0,0,0,193
Rúben Santos Gato Alves Dias,19,DEF,Man City,58.0,2021-01-17,18,6.0,4.0,5.0,5.0,4.0,4.0,1.0,0.0,0.0,217,0,0,0,193
James Justin,19,DEF,Leicester,50.0,2021-01-16,14,3.0,4.0,4.0,4.0,3.0,4.0,1.0,0.0,0.0,217,0,0,0,193
Illan Meslier,19,GK,Leeds,46.0,2020-09-12,0,3.0,3.0,3.0,3.0,3.0,4.0,0.0,0.0,1.0,0,0,0,0,193
Harry Kane,19,FWD,Spurs,111.0,2021-01-17,9,7.0,6.0,5.0,3.0,5.0,6.0,0.0,0.0,1.0,0,0,0,0,193
Anthony Martial,19,FWD,Man Utd,88.0,2021-01-17,4,5.0,4.0,4.0,4.0,4.0,5.0,0.0,0.0,1.0,0,0,0,0,193
Rob Holding,19,DEF,Arsenal,45.0,2021-01-18,6,3.0,3.0,4.0,3.0,3.0,3.0,0.0,0.0,1.0,0,0,0,0,193
João Pedro Cavaco Cancelo,20,DEF,Man City,58.0,2021-01-26,17,9.0,5.0,5.0,5.0,4.0,5.0,1.0,1.0,0.0,151,0,0,0,122
Sadio Mané,20,MID,Liverpool,118.0,2021-01-28,15,7.0,5.0,5.0,4.0,6.0,5.0,1.0,0.0,0.0,151,0,0,0,122
Tomas Soucek,20,MID,West Ham,53.0,2021-01-26,15,3.0,3.0,3.0,3.0,4.0,3.0,1.0,0.0,0.0,151,0,0,0,122
Ilkay Gündogan,20,MID,Man City,56.0,2021-01-26,14,5.0,4.0,5.0,5.0,4.0,4.0,1.0,0.0,0.0,151,0,0,0,122
Bukayo Saka,20,MID,Arsenal,53.0,2021-01-26,13,3.0,4.0,3.0,4.0,3.0,4.0,1.0,0.0,0.0,151,0,0,0,122
Dwight McNeil,20,MID,Burnley,57.0,2021-01-27,13,3.0,4.0,3.0,4.0,3.0,4.0,1.0,0.0,0.0,151,0,0,0,122
Alphonse Areola,20,GK,Fulham,45.0,2021-01-27,10,3.0,3.0,3.0,3.0,3.0,3.0,1.0,0.0,0.0,151,0,0,0,122
Alexandre Lacazette,20,FWD,Arsenal,83.0,2021-01-26,11,3.0,4.0,4.0,4.0,4.0,4.0,1.0,0.0,0.0,151,0,0,0,122
Trent Alexander-Arnold,20,DEF,Liverpool,73.0,2021-01-28,14,6.0,4.0,5.0,4.0,4.0,4.0,1.0,0.0,0.0,151,0,0,0,122
Craig Dawson,20,DEF,West Ham,45.0,2021-01-26,9,3.0,3.0,3.0,3.0,3.0,3.0,1.0,0.0,0.0,151,0,0,0,122
Rúben Santos Gato Alves Dias,20,DEF,Man City,59.0,2021-01-26,6,6.0,4.0,5.0,5.0,4.0,5.0,1.0,0.0,0.0,151,0,0,0,122
Illan Meslier,20,GK,Leeds,47.0,2021-01-26,3,3.0,4.0,3.0,3.0,3.0,4.0,0.0,0.0,1.0,0,0,0,0,122
Michail Antonio,20,FWD,West Ham,64.0,2021-01-26,5,3.0,4.0,4.0,4.0,4.0,4.0,0.0,0.0,1.0,0,0,0,0,122
Anthony Martial,20,FWD,Man Utd,88.0,2021-01-27,2,7.0,5.0,5.0,4.0,4.0,6.0,0.0,0.0,1.0,0,0,0,0,122
Matt Targett,20,DEF,Aston Villa,47.0,2021-01-27,4,6.0,3.0,5.0,3.0,4.0,3.0,0.0,0.0,1.0,0,0,0,0,122
Patrick Bamford,21,FWD,Leeds,66.0,2021-01-31,15,2.0,4.0,4.0,3.0,4.0,5.0,1.0,1.0,0.0,143,0,0,0,115
Mohamed Salah,21,MID,Liverpool,125.0,2021-01-31,15,6.0,7.0,5.0,4.0,5.0,6.0,1.0,0.0,0.0,143,0,0,0,115
Matheus Pereira,21,MID,West Brom,56.0,2021-01-30,13,3.0,4.0,4.0,4.0,3.0,4.0,1.0,0.0,0.0,143,0,0,0,115
Eberechi Eze,21,MID,Crystal Palace,58.0,2021-01-30,11,3.0,3.0,3.0,4.0,3.0,3.0,1.0,0.0,0.0,143,0,0,0,115
Emiliano Martínez,21,GK,Aston Villa,51.0,2021-01-30,10,3.0,4.0,3.0,4.0,3.0,4.0,1.0,0.0,0.0,143,0,0,0,115
Callum Wilson,21,FWD,Newcastle,66.0,2021-01-30,13,5.0,4.0,4.0,4.0,5.0,4.0,1.0,0.0,0.0,143,0,0,0,115
César Azpilicueta,21,DEF,Chelsea,56.0,2021-01-31,15,6.0,4.0,5.0,4.0,4.0,4.0,1.0,0.0,0.0,143,0,0,0,115
Marcos Alonso,21,DEF,Chelsea,56.0,2021-01-31,14,6.0,4.0,5.0,3.0,3.0,4.0,1.0,0.0,0.0,143,0,0,0,115
Jamal Lewis,21,DEF,Newcastle,42.0,2021-01-30,11,3.0,3.0,3.0,3.0,3.0,3.0,1.0,0.0,0.0,143,0,0,0,115
Rúben Santos Gato Alves Dias,21,DEF,Man City,59.0,2021-01-30,8,7.0,4.0,7.0,5.0,5.0,4.0,1.0,0.0,0.0,143,0,0,0,115
Craig Dawson,21,DEF,West Ham,45.0,2021-01-31,7,3.0,2.0,2.0,3.0,3.0,3.0,1.0,0.0,0.0,143,0,0,0,115
Ilkay Gündogan,21,MID,Man City,58.0,2021-01-30,3,12.0,4.0,6.0,5.0,5.0,5.0,0.0,0.0,1.0,0,0,0,0,115
Dwight McNeil,21,MID,Burnley,57.0,2021-01-31,2,3.0,3.0,2.0,3.0,2.0,3.0,0.0,0.0,1.0,0,0,0,0,115
Illan Meslier,21,GK,Leeds,47.0,2021-01-31,4,3.0,3.0,3.0,3.0,3.0,3.0,0.0,0.0,1.0,0,0,0,0,115
Michail Antonio,21,FWD,West Ham,65.0,2021-01-31,2,2.0,4.0,3.0,4.0,4.0,5.0,0.0,0.0,1.0,0,0,0,0,115
Aaron Wan-Bissaka,22,DEF,Man Utd,54.0,2021-02-02,17,3.0,4.0,3.0,4.0,4.0,4.0,1.0,1.0,0.0,139,0,0,0,118
Bruno Miguel Borges Fernandes,22,MID,Man Utd,114.0,2021-02-02,17,7.0,7.0,4.0,5.0,6.0,7.0,1.0,0.0,0.0,139,0,0,0,118
Jesse Lingard,22,MID,West Ham,59.0,2021-02-03,15,3.0,3.0,3.0,3.0,3.0,3.0,1.0,0.0,0.0,139,0,0,0,118
Jorge Luiz Frello Filho,22,MID,Chelsea,47.0,2021-02-04,11,3.0,2.0,3.0,3.0,2.0,3.0,1.0,0.0,0.0,139,0,0,0,118
Ilkay Gündogan,22,MID,Man City,58.0,2021-02-03,8,4.0,4.0,6.0,5.0,4.0,4.0,1.0,0.0,0.0,139,0,0,0,118
Eberechi Eze,22,MID,Crystal Palace,58.0,2021-02-02,7,3.0,3.0,3.0,3.0,3.0,3.0,1.0,0.0,0.0,139,0,0,0,118
Emiliano Martínez,22,GK,Aston Villa,51.0,2021-02-03,4,6.0,5.0,4.0,4.0,4.0,4.0,1.0,0.0,0.0,139,0,0,0,118
Anthony Martial,22,FWD,Man Utd,87.0,2021-02-02,13,3.0,3.0,2.0,3.0,3.0,3.0,1.0,0.0,0.0,139,0,0,0,118
Michail Antonio,22,FWD,West Ham,66.0,2021-02-03,8,6.0,4.0,4.0,4.0,4.0,4.0,1.0,0.0,0.0,139,0,0,0,118
James Justin,22,DEF,Leicester,51.0,2021-02-03,15,3.0,4.0,4.0,4.0,4.0,4.0,1.0,0.0,0.0,139,0,0,0,118
Rúben Santos Gato Alves Dias,22,DEF,Man City,60.0,2021-02-03,6,5.0,4.0,7.0,4.0,5.0,4.0,1.0,0.0,0.0,139,0,0,0,118
Illan Meslier,22,GK,Leeds,47.0,2021-02-03,2,3.0,4.0,4.0,3.0,3.0,3.0,0.0,0.0,1.0,0,0,0,0,118
Patrick Bamford,22,FWD,Leeds,66.0,2021-02-03,5,7.0,5.0,5.0,3.0,4.0,4.0,0.0,0.0,1.0,0,0,0,0,118
Marcos Alonso,22,DEF,Chelsea,56.0,2021-02-04,6,3.0,3.0,4.0,3.0,3.0,3.0,0.0,0.0,1.0,0,0,0,0,118
César Azpilicueta,22,DEF,Chelsea,56.0,2021-02-04,5,3.0,3.0,4.0,4.0,4.0,3.0,0.0,0.0,1.0,0,0,0,0,118
Phil Foden,23,MID,Man City,61.0,2021-02-07,16,3.0,4.0,3.0,3.0,3.0,4.0,1.0,1.0,0.0,144,0,0,0,119
Miguel Almirón,23,MID,Newcastle,56.0,2021-02-06,15,3.0,3.0,3.0,3.0,3.0,3.0,1.0,0.0,0.0,144,0,0,0,119
Ilkay Gündogan,23,MID,Man City,59.0,2021-02-07,13,6.0,3.0,5.0,4.0,4.0,4.0,1.0,0.0,0.0,144,0,0,0,119
Jorge Luiz Frello Filho,23,MID,Chelsea,47.0,2021-02-07,10,6.0,3.0,6.0,3.0,3.0,3.0,1.0,0.0,0.0,144,0,0,0,119
Bruno Miguel Borges Fernandes,23,MID,Man Utd,115.0,2021-02-06,7,4.0,7.0,5.0,5.0,6.0,6.0,1.0,0.0,0.0,144,0,0,0,119
Illan Meslier,23,GK,Leeds,47.0,2021-02-08,10,3.0,4.0,3.0,3.0,3.0,4.0,1.0,0.0,0.0,144,0,0,0,119
Dominic Calvert-Lewin,23,FWD,Everton,76.0,2021-02-06,12,3.0,4.0,4.0,4.0,4.0,4.0,1.0,0.0,0.0,144,0,0,0,119
Timo Werner,23,FWD,Chelsea,92.0,2021-02-07,10,7.0,5.0,5.0,4.0,5.0,5.0,1.0,0.0,0.0,144,0,0,0,119
Stuart Dallas,23,DEF,Leeds,48.0,2021-02-08,12,3.0,3.0,3.0,3.0,3.0,3.0,1.0,0.0,0.0,144,0,0,0,119
James Justin,23,DEF,Leicester,52.0,2021-02-07,9,6.0,4.0,5.0,3.0,4.0,4.0,1.0,0.0,0.0,144,0,0,0,119
Lewis Dunk,23,DEF,Brighton,48.0,2021-02-06,9,3.0,3.0,4.0,3.0,4.0,3.0,1.0,0.0,0.0,144,0,0,0,119
Emiliano Martínez,23,GK,Aston Villa,52.0,2021-02-06,9,7.0,4.0,5.0,4.0,4.0,5.0,0.0,0.0,1.0,0,0,0,0,119
Patrick Bamford,23,FWD,Leeds,67.0,2021-02-08,6,7.0,5.0,4.0,3.0,4.0,5.0,0.0,0.0,1.0,0,0,0,0,119
Aaron Wan-Bissaka,23,DEF,Man Utd,55.0,2021-02-06,4,4.0,4.0,5.0,4.0,5.0,4.0,0.0,0.0,1.0,0,0,0,0,119
César Azpilicueta,23,DEF,Chelsea,57.0,2021-02-07,2,6.0,4.0,5.0,4.0,4.0,3.0,0.0,0.0,1.0,0,0,0,0,119
Ola Aina,24,DEF,Fulham,45.0,2021-02-14,20,3.0,3.0,3.0,2.0,2.0,3.0,1.0,1.0,0.0,193,0,0,0,163
Pierre-Emerick Aubameyang,24,MID,Arsenal,113.0,2021-02-14,20,4.0,6.0,6.0,4.0,4.0,6.0,1.0,0.0,0.0,193,0,0,0,163
Ilkay Gündogan,24,MID,Man City,60.0,2021-02-13,19,4.0,4.0,4.0,4.0,5.0,4.0,1.0,0.0,0.0,193,0,0,0,163
Bernardo Mota Veiga de Carvalho e Silva,24,MID,Man City,74.0,2021-02-17,15,3.0,4.0,4.0,4.0,3.0,4.0,1.0,0.0,0.0,193,0,0,0,163
Phil Foden,24,MID,Man City,61.0,2021-02-17,11,3.0,4.0,4.0,3.0,4.0,4.0,1.0,0.0,0.0,193,0,0,0,163
Emiliano Martínez,24,GK,Aston Villa,52.0,2021-02-13,12,7.0,5.0,4.0,4.0,4.0,5.0,1.0,0.0,0.0,193,0,0,0,163
Jay Rodriguez,24,FWD,Burnley,58.0,2021-02-17,16,3.0,3.0,3.0,3.0,2.0,3.0,1.0,0.0,0.0,193,0,0,0,163
Josh Maja,24,FWD,Fulham,55.0,2021-02-14,15,3.0,3.0,3.0,3.0,2.0,3.0,1.0,0.0,0.0,193,0,0,0,163
Matthew Lowton,24,DEF,Burnley,45.0,2021-02-17,17,3.0,3.0,4.0,3.0,3.0,3.0,1.0,0.0,0.0,193,0,0,0,163
Issa Diop,24,DEF,West Ham,43.0,2021-02-15,13,3.0,3.0,4.0,3.0,4.0,3.0,1.0,0.0,0.0,193,0,0,0,163
Joachim Andersen,24,DEF,Fulham,45.0,2021-02-14,13,3.0,3.0,2.0,2.0,2.0,2.0,1.0,0.0,0.0,193,0,0,0,163
Bruno Miguel Borges Fernandes,24,MID,Man Utd,115.0,2021-02-14,9,4.0,7.0,7.0,5.0,6.0,8.0,0.0,0.0,1.0,0,0,0,0,163
Illan Meslier,24,GK,Leeds,47.0,2021-02-14,0,3.0,3.0,3.0,3.0,3.0,4.0,0.0,0.0,1.0,0,0,0,0,163
Timo Werner,24,FWD,Chelsea,92.0,2021-02-15,6,7.0,5.0,6.0,4.0,4.0,5.0,0.0,0.0,1.0,0,0,0,0,163
Lewis Dunk,24,DEF,Brighton,48.0,2021-02-13,7,3.0,3.0,3.0,3.0,4.0,3.0,0.0,0.0,1.0,0,0,0,0,163
Stuart Dallas,25,DEF,Leeds,50.0,2021-02-19,17,3.0,3.0,3.0,2.0,3.0,3.0,1.0,1.0,0.0,123,0,0,0,113
Harvey Barnes,25,MID,Leicester,68.0,2021-02-21,13,4.0,4.0,4.0,4.0,5.0,4.0,1.0,0.0,0.0,123,0,0,0,113
Bruno Miguel Borges Fernandes,25,MID,Man Utd,116.0,2021-02-21,12,5.0,7.0,7.0,5.0,6.0,8.0,1.0,0.0,0.0,123,0,0,0,113
Marcus Rashford,25,MID,Man Utd,96.0,2021-02-21,12,6.0,6.0,5.0,4.0,5.0,5.0,1.0,0.0,0.0,123,0,0,0,113
Raphael Dias Belloli,25,MID,Leeds,54.0,2021-02-19,12,3.0,3.0,4.0,4.0,4.0,4.0,1.0,0.0,0.0,123,0,0,0,113
Ademola Lookman,25,MID,Fulham,50.0,2021-02-20,11,3.0,4.0,4.0,4.0,4.0,4.0,1.0,0.0,0.0,123,0,0,0,113
Illan Meslier,25,GK,Leeds,47.0,2021-02-19,10,3.0,3.0,3.0,3.0,3.0,4.0,1.0,0.0,0.0,123,0,0,0,113
Richarlison de Andrade,25,FWD,Everton,79.0,2021-02-20,8,3.0,3.0,4.0,3.0,4.0,4.0,1.0,0.0,0.0,123,0,0,0,113
Ola Aina,25,DEF,Fulham,45.0,2021-02-20,8,3.0,3.0,3.0,3.0,3.0,3.0,1.0,0.0,0.0,123,0,0,0,113
Joachim Andersen,25,DEF,Fulham,45.0,2021-02-20,7,3.0,3.0,3.0,3.0,3.0,3.0,1.0,0.0,0.0,123,0,0,0,113
Matthew Lowton,25,DEF,Burnley,45.0,2021-02-20,6,6.0,4.0,5.0,4.0,4.0,4.0,1.0,0.0,0.0,123,0,0,0,113
Emiliano Martínez,25,GK,Aston Villa,53.0,2021-02-21,2,6.0,5.0,5.0,4.0,5.0,6.0,0.0,0.0,1.0,0,0,0,0,113
Timo Werner,25,FWD,Chelsea,92.0,2021-02-20,2,6.0,5.0,5.0,4.0,5.0,5.0,0.0,0.0,1.0,0,0,0,0,113
Jay Rodriguez,25,FWD,Burnley,58.0,2021-02-20,2,3.0,4.0,4.0,4.0,3.0,4.0,0.0,0.0,1.0,0,0,0,0,113
Lewis Dunk,25,DEF,Brighton,49.0,2021-02-22,1,6.0,4.0,5.0,4.0,4.0,3.0,0.0,0.0,1.0,0,0,0,0,113
Gareth Bale,26,MID,Spurs,93.0,2021-03-04,21,3.0,4.0,4.0,4.0,4.0,4.0,1.0,1.0,0.0,208,0,0,0,166
Riyad Mahrez,26,MID,Man City,81.0,2021-02-27,17,7.0,5.0,6.0,4.0,5.0,4.0,1.0,0.0,0.0,208,0,0,0,166
Heung-Min Son,26,MID,Spurs,95.0,2021-03-04,14,7.0,6.0,5.0,4.0,5.0,5.0,1.0,0.0,0.0,208,0,0,0,166
Edouard Mendy,26,GK,Chelsea,51.0,2021-02-28,16,3.0,4.0,3.0,4.0,4.0,4.0,1.0,0.0,0.0,208,0,0,0,166
Richarlison de Andrade,26,FWD,Everton,79.0,2021-03-01,17,6.0,4.0,4.0,4.0,4.0,4.0,1.0,0.0,0.0,208,0,0,0,166
Gabriel Fernando de Jesus,26,FWD,Man City,92.0,2021-02-27,14,3.0,3.0,3.0,2.0,4.0,3.0,1.0,0.0,0.0,208,0,0,0,166
Andreas Christensen,26,DEF,Chelsea,47.0,2021-02-28,17,3.0,3.0,2.0,3.0,3.0,3.0,1.0,0.0,0.0,208,0,0,0,166
Kyle Bartley,26,DEF,West Brom,44.0,2021-02-27,17,3.0,3.0,3.0,3.0,2.0,2.0,1.0,0.0,0.0,208,0,0,0,166
Michael Keane,26,DEF,Everton,51.0,2021-03-01,17,3.0,3.0,3.0,3.0,3.0,3.0,1.0,0.0,0.0,208,0,0,0,166
Gary Cahill,26,DEF,Crystal Palace,45.0,2021-03-03,16,3.0,3.0,4.0,3.0,3.0,3.0,1.0,0.0,0.0,208,0,0,0,166
Davinson Sánchez,26,DEF,Spurs,52.0,2021-03-04,15,3.0,3.0,3.0,3.0,3.0,3.0,1.0,0.0,0.0,208,0,0,0,166
Bruno Miguel Borges Fernandes,26,MID,Man Utd,116.0,2021-02-28,6,4.0,6.0,7.0,5.0,6.0,6.0,0.0,0.0,1.0,0,0,0,0,166
Marcus Rashford,26,MID,Man Utd,96.0,2021-02-28,6,4.0,5.0,6.0,3.0,5.0,4.0,0.0,0.0,1.0,0,0,0,0,166
Emiliano Martínez,26,GK,Aston Villa,53.0,2021-03-03,12,13.0,5.0,5.0,4.0,4.0,5.0,0.0,0.0,1.0,0,0,0,0,166
Timo Werner,26,FWD,Chelsea,92.0,2021-02-28,3,3.0,3.0,2.0,3.0,4.0,3.0,0.0,0.0,1.0,0,0,0,0,166
Riyad Mahrez,27,MID,Man City,81.0,2021-03-07,20,3.0,5.0,4.0,4.0,5.0,5.0,1.0,1.0,0.0,175,0,0,0,151
James Ward-Prowse,27,MID,Southampton,59.0,2021-03-06,18,3.0,3.0,4.0,3.0,3.0,4.0,1.0,0.0,0.0,175,0,0,0,151
Kevin De Bruyne,27,MID,Man City,118.0,2021-03-07,16,5.0,6.0,4.0,5.0,6.0,6.0,1.0,0.0,0.0,175,0,0,0,151
Gareth Bale,27,MID,Spurs,93.0,2021-03-07,14,7.0,5.0,5.0,4.0,4.0,5.0,1.0,0.0,0.0,175,0,0,0,151
Bruno Miguel Borges Fernandes,27,MID,Man Utd,116.0,2021-03-07,10,6.0,6.0,6.0,4.0,6.0,6.0,1.0,0.0,0.0,175,0,0,0,151
Emiliano Martínez,27,GK,Aston Villa,53.0,2021-03-06,7,7.0,5.0,4.0,4.0,4.0,5.0,1.0,0.0,0.0,175,0,0,0,151
Harry Kane,27,FWD,Spurs,112.0,2021-03-07,19,6.0,6.0,6.0,4.0,5.0,6.0,1.0,0.0,0.0,175,0,0,0,151
Che Adams,27,FWD,Southampton,58.0,2021-03-06,12,1.0,2.0,1.0,3.0,2.0,2.0,1.0,0.0,0.0,175,0,0,0,151
Luke Shaw,27,DEF,Man Utd,51.0,2021-03-07,14,3.0,3.0,4.0,2.0,4.0,3.0,1.0,0.0,0.0,175,0,0,0,151
Craig Dawson,27,DEF,West Ham,45.0,2021-03-08,13,6.0,4.0,5.0,4.0,3.0,4.0,1.0,0.0,0.0,175,0,0,0,151
Aaron Cresswell,27,DEF,West Ham,58.0,2021-03-08,12,7.0,5.0,5.0,3.0,5.0,4.0,1.0,0.0,0.0,175,0,0,0,151
Edouard Mendy,27,GK,Chelsea,51.0,2021-03-08,6,3.0,4.0,4.0,4.0,4.0,4.0,0.0,0.0,1.0,0,0,0,0,151
Richarlison de Andrade,27,FWD,Everton,79.0,2021-03-08,2,3.0,4.0,4.0,3.0,4.0,4.0,0.0,0.0,1.0,0,0,0,0,151
Andreas Christensen,27,DEF,Chelsea,47.0,2021-03-08,6,3.0,3.0,3.0,4.0,3.0,3.0,0.0,0.0,1.0,0,0,0,0,151
Kyle Bartley,27,DEF,West Brom,44.0,2021-03-07,6,3.0,3.0,3.0,3.0,3.0,3.0,0.0,0.0,1.0,0,0,0,0,151
Kelechi Iheanacho,28,FWD,Leicester,56.0,2021-03-14,17,4.0,4.0,4.0,4.0,3.0,5.0,1.0,1.0,0.0,130,0,0,0,113
Luka Milivojevic,28,MID,Crystal Palace,56.0,2021-03-13,11,3.0,3.0,3.0,3.0,3.0,4.0,1.0,0.0,0.0,130,0,0,0,113
Dwight McNeil,28,MID,Burnley,57.0,2021-03-13,10,3.0,4.0,4.0,3.0,3.0,3.0,1.0,0.0,0.0,130,0,0,0,113
Martin Ødegaard,28,MID,Arsenal,59.0,2021-03-14,10,3.0,3.0,2.0,3.0,3.0,3.0,1.0,0.0,0.0,130,0,0,0,113
Edouard Mendy,28,GK,Chelsea,51.0,2021-03-13,9,4.0,4.0,4.0,4.0,4.0,5.0,1.0,0.0,0.0,130,0,0,0,113
Jamie Vardy,28,FWD,Leicester,102.0,2021-03-14,13,7.0,6.0,6.0,4.0,5.0,6.0,1.0,0.0,0.0,130,0,0,0,113
Che Adams,28,FWD,Southampton,58.0,2021-03-14,8,3.0,4.0,4.0,4.0,4.0,4.0,1.0,0.0,0.0,130,0,0,0,113
John Stones,28,DEF,Man City,53.0,2021-03-13,14,4.0,4.0,5.0,4.0,4.0,4.0,1.0,0.0,0.0,130,0,0,0,113
João Pedro Cavaco Cancelo,28,DEF,Man City,62.0,2021-03-13,12,8.0,5.0,5.0,4.0,4.0,5.0,1.0,0.0,0.0,130,0,0,0,113
Luke Shaw,28,DEF,Man Utd,52.0,2021-03-14,9,3.0,4.0,4.0,3.0,4.0,4.0,1.0,0.0,0.0,130,0,0,0,113
Andreas Christensen,28,DEF,Chelsea,47.0,2021-03-13,7,3.0,3.0,3.0,4.0,4.0,3.0,1.0,0.0,0.0,130,0,0,0,113
Bruno Miguel Borges Fernandes,28,MID,Man Utd,115.0,2021-03-14,3,6.0,7.0,9.0,5.0,6.0,7.0,0.0,0.0,1.0,0,0,0,0,113
James Ward-Prowse,28,MID,Southampton,59.0,2021-03-14,2,3.0,4.0,4.0,3.0,3.0,4.0,0.0,0.0,1.0,0,0,0,0,113
Emiliano Martínez,28,GK,Aston Villa,54.0,2021-03-12,3,6.0,5.0,5.0,4.0,4.0,4.0,0.0,0.0,1.0,0,0,0,0,113
Kyle Bartley,28,DEF,West Brom,44.0,2021-03-13,2,3.0,3.0,2.0,3.0,2.0,3.0,0.0,0.0,1.0,0,0,0,0,113
Leandro Trossard,29,MID,Brighton,58.0,2021-03-20,14,3.0,4.0,4.0,4.0,3.0,4.0,1.0,1.0,0.0,107,0,0,0,78
Jesse Lingard,29,MID,West Ham,61.0,2021-03-21,12,6.0,4.0,4.0,4.0,5.0,5.0,1.0,0.0,0.0,107,0,0,0,78
Lucas Rodrigues Moura da Silva,29,MID,Spurs,66.0,2021-03-21,9,3.0,4.0,4.0,4.0,4.0,4.0,1.0,0.0,0.0,107,0,0,0,78
Raphael Dias Belloli,29,MID,Leeds,56.0,2021-03-19,8,3.0,4.0,4.0,4.0,4.0,4.0,1.0,0.0,0.0,107,0,0,0,78
Hugo Lloris,29,GK,Spurs,56.0,2021-03-21,6,3.0,4.0,4.0,4.0,4.0,4.0,1.0,0.0,0.0,107,0,0,0,78
Alexandre Lacazette,29,FWD,Arsenal,81.0,2021-03-21,11,6.0,4.0,5.0,4.0,4.0,4.0,1.0,0.0,0.0,107,0,0,0,78
Patrick Bamford,29,FWD,Leeds,67.0,2021-03-19,11,8.0,5.0,4.0,4.0,4.0,5.0,1.0,0.0,0.0,107,0,0,0,78
Neal Maupay,29,FWD,Brighton,61.0,2021-03-20,8,6.0,4.0,5.0,4.0,3.0,4.0,1.0,0.0,0.0,107,0,0,0,78
Joël Veltman,29,DEF,Brighton,44.0,2021-03-20,10,3.0,3.0,3.0,3.0,3.0,4.0,1.0,0.0,0.0,107,0,0,0,78
Joe Rodon,29,DEF,Spurs,50.0,2021-03-21,8,3.0,3.0,2.0,3.0,3.0,3.0,1.0,0.0,0.0,107,0,0,0,78
Joachim Andersen,29,DEF,Fulham,45.0,2021-03-19,7,3.0,3.0,4.0,4.0,4.0,4.0,1.0,0.0,0.0,107,0,0,0,78
Martin Ødegaard,29,MID,Arsenal,60.0,2021-03-21,2,3.0,3.0,3.0,3.0,3.0,3.0,0.0,0.0,1.0,0,0,0,0,78
Emiliano Martínez,29,GK,Aston Villa,54.0,2021-03-21,1,6.0,5.0,3.0,4.0,4.0,4.0,0.0,0.0,1.0,0,0,0,0,78
Andreas Christensen,29,DEF,Chelsea,47.0,2020-09-14,0,3.0,3.0,3.0,3.0,3.0,3.0,0.0,0.0,1.0,0,0,0,0,78
Kyle Bartley,29,DEF,West Brom,44.0,2020-09-13,0,3.0,2.0,2.0,3.0,2.0,2.0,0.0,0.0,1.0,0,0,0,0,78
Matheus Pereira,30,MID,West Brom,53.0,2021-04-03,21,3.0,3.0,2.0,3.0,3.0,2.0,1.0,1.0,0.0,146,0,0,0,128
Mahmoud Ahmed Ibrahim Hassan,30,MID,Aston Villa,52.0,2021-04-04,14,3.0,2.0,2.0,3.0,2.0,2.0,1.0,0.0,0.0,146,0,0,0,128
Jack Harrison,30,MID,Leeds,54.0,2021-04-03,13,3.0,3.0,3.0,3.0,4.0,3.0,1.0,0.0,0.0,146,0,0,0,128
Nathan Redmond,30,MID,Southampton,64.0,2021-04-04,13,3.0,4.0,3.0,4.0,2.0,4.0,1.0,0.0,0.0,146,0,0,0,128
Jesse Lingard,30,MID,West Ham,62.0,2021-04-05,12,6.0,4.0,6.0,4.0,5.0,5.0,1.0,0.0,0.0,146,0,0,0,128
Emiliano Martínez,30,GK,Aston Villa,54.0,2021-04-04,4,7.0,5.0,5.0,4.0,4.0,6.0,1.0,0.0,0.0,146,0,0,0,128
Harry Kane,30,FWD,Spurs,116.0,2021-04-04,13,7.0,7.0,5.0,4.0,5.0,7.0,1.0,0.0,0.0,146,0,0,0,128
Danny Ings,30,FWD,Southampton,84.0,2021-04-04,11,7.0,5.0,5.0,4.0,4.0,5.0,1.0,0.0,0.0,146,0,0,0,128
Benjamin Mendy,30,DEF,Man City,59.0,2021-04-03,15,3.0,3.0,3.0,4.0,3.0,3.0,1.0,0.0,0.0,146,0,0,0,128
Trent Alexander-Arnold,30,DEF,Liverpool,73.0,2021-04-03,12,3.0,4.0,4.0,4.0,4.0,4.0,1.0,0.0,0.0,146,0,0,0,128
Seamus Coleman,30,DEF,Everton,48.0,2021-04-05,11,6.0,3.0,5.0,4.0,3.0,3.0,1.0,0.0,0.0,146,0,0,0,128
Hugo Lloris,30,GK,Spurs,56.0,2021-04-04,2,3.0,4.0,4.0,4.0,4.0,4.0,0.0,0.0,1.0,0,0,0,0,128
Patrick Bamford,30,FWD,Leeds,67.0,2021-04-03,2,7.0,5.0,4.0,4.0,4.0,5.0,0.0,0.0,1.0,0,0,0,0,128
Joe Rodon,30,DEF,Spurs,50.0,2021-04-04,2,3.0,3.0,3.0,3.0,3.0,3.0,0.0,0.0,1.0,0,0,0,0,128
Joël Veltman,30,DEF,Brighton,44.0,2021-04-04,1,3.0,2.0,2.0,3.0,3.0,3.0,0.0,0.0,1.0,0,0,0,0,128
Stuart Dallas,31,DEF,Leeds,51.0,2021-04-10,17,3.0,2.0,2.0,2.0,3.0,2.0,1.0,1.0,0.0,153,0,0,0,130
Christian Pulisic,31,MID,Chelsea,82.0,2021-04-10,15,4.0,4.0,5.0,4.0,4.0,5.0,1.0,0.0,0.0,153,0,0,0,130
Jesse Lingard,31,MID,West Ham,63.0,2021-04-11,14,8.0,4.0,6.0,4.0,5.0,5.0,1.0,0.0,0.0,153,0,0,0,130
Allan Saint-Maximin,31,MID,Newcastle,51.0,2021-04-11,12,1.0,1.0,1.0,2.0,2.0,1.0,1.0,0.0,0.0,153,0,0,0,130
Jarrod Bowen,31,MID,West Ham,59.0,2021-04-11,12,3.0,4.0,4.0,4.0,4.0,4.0,1.0,0.0,0.0,153,0,0,0,130
Matheus Pereira,31,MID,West Brom,53.0,2021-04-12,9,3.0,3.0,3.0,4.0,4.0,3.0,1.0,0.0,0.0,153,0,0,0,130
Sam Johnstone,31,GK,West Brom,45.0,2021-04-12,15,3.0,4.0,3.0,4.0,4.0,3.0,1.0,0.0,0.0,153,0,0,0,130
Alexandre Lacazette,31,FWD,Arsenal,82.0,2021-04-11,13,6.0,5.0,5.0,4.0,4.0,5.0,1.0,0.0,0.0,153,0,0,0,130
Kelechi Iheanacho,31,FWD,Leicester,58.0,2021-04-11,13,3.0,4.0,4.0,4.0,4.0,4.0,1.0,0.0,0.0,153,0,0,0,130
Trent Alexander-Arnold,31,DEF,Liverpool,73.0,2021-04-10,11,6.0,5.0,5.0,4.0,4.0,5.0,1.0,0.0,0.0,153,0,0,0,130
Seamus Coleman,31,DEF,Everton,48.0,2021-04-12,6,3.0,3.0,3.0,3.0,3.0,3.0,1.0,0.0,0.0,153,0,0,0,130
Emiliano Martínez,31,GK,Aston Villa,54.0,2021-04-10,4,3.0,4.0,3.0,3.0,4.0,4.0,0.0,0.0,1.0,0,0,0,0,130
Patrick Bamford,31,FWD,Leeds,66.0,2021-04-10,4,3.0,3.0,3.0,3.0,4.0,3.0,0.0,0.0,1.0,0,0,0,0,130
Joël Veltman,31,DEF,Brighton,44.0,2021-04-12,6,3.0,3.0,3.0,3.0,3.0,3.0,0.0,0.0,1.0,0,0,0,0,130
Benjamin Mendy,31,DEF,Man City,59.0,2021-04-10,2,7.0,5.0,5.0,4.0,4.0,4.0,0.0,0.0,1.0,0,0,0,0,130
Mason Greenwood,32,MID,Man Utd,70.0,2021-04-18,15,7.0,5.0,5.0,4.0,4.0,4.0,1.0,1.0,0.0,141,0,0,0,108
Gylfi Sigurdsson,32,MID,Everton,68.0,2021-04-16,15,3.0,3.0,4.0,4.0,4.0,4.0,1.0,0.0,0.0,141,0,0,0,108
Heung-Min Son,32,MID,Spurs,95.0,2021-04-16,12,7.0,5.0,5.0,4.0,5.0,6.0,1.0,0.0,0.0,141,0,0,0,108
Bernardo Mota Veiga de Carvalho e Silva,32,MID,Man City,74.0,2021-04-21,11,7.0,5.0,5.0,4.0,5.0,4.0,1.0,0.0,0.0,141,0,0,0,108
Jesse Lingard,32,MID,West Ham,65.0,2021-04-17,7,7.0,5.0,6.0,4.0,5.0,5.0,1.0,0.0,0.0,141,0,0,0,108
Robert Sánchez,32,GK,Brighton,45.0,2021-04-20,9,3.0,3.0,3.0,4.0,4.0,3.0,1.0,0.0,0.0,141,0,0,0,108
Harry Kane,32,FWD,Spurs,117.0,2021-04-16,12,7.0,6.0,5.0,4.0,5.0,7.0,1.0,0.0,0.0,141,0,0,0,108
Jonny Evans,32,DEF,Leicester,55.0,2021-04-22,15,3.0,4.0,4.0,4.0,4.0,3.0,1.0,0.0,0.0,141,0,0,0,108
Timothy Castagne,32,DEF,Leicester,57.0,2021-04-22,11,6.0,4.0,5.0,4.0,4.0,4.0,1.0,0.0,0.0,141,0,0,0,108
Diego Llorente,32,DEF,Leeds,44.0,2021-04-19,10,3.0,2.0,2.0,3.0,3.0,2.0,1.0,0.0,0.0,141,0,0,0,108
Trent Alexander-Arnold,32,DEF,Liverpool,74.0,2021-04-19,8,7.0,5.0,5.0,4.0,4.0,5.0,1.0,0.0,0.0,141,0,0,0,108
Sam Johnstone,32,GK,West Brom,45.0,2021-04-22,2,6.0,3.0,5.0,3.0,3.0,3.0,0.0,0.0,1.0,0,0,0,0,108
Kelechi Iheanacho,32,FWD,Leicester,60.0,2021-04-22,6,7.0,5.0,5.0,4.0,4.0,5.0,0.0,0.0,1.0,0,0,0,0,108
Patrick Bamford,32,FWD,Leeds,65.0,2021-04-19,2,6.0,4.0,4.0,4.0,4.0,5.0,0.0,0.0,1.0,0,0,0,0,108
Joël Veltman,32,DEF,Brighton,44.0,2021-04-20,6,3.0,3.0,2.0,3.0,3.0,3.0,0.0,0.0,1.0,0,0,0,0,108
Chris Wood,33,FWD,Burnley,63.0,2021-04-25,20,3.0,3.0,4.0,4.0,4.0,3.0,1.0,1.0,0.0,125,0,0,0,110
Dwight McNeil,33,MID,Burnley,57.0,2021-04-25,11,3.0,3.0,3.0,3.0,3.0,3.0,1.0,0.0,0.0,125,0,0,0,110
Matheus Pereira,33,MID,West Brom,54.0,2021-04-25,10,3.0,3.0,3.0,3.0,4.0,3.0,1.0,0.0,0.0,125,0,0,0,110
Ashley Westwood,33,MID,Burnley,53.0,2021-04-25,9,3.0,2.0,3.0,3.0,3.0,3.0,1.0,0.0,0.0,125,0,0,0,110
Anwar El Ghazi,33,MID,Aston Villa,52.0,2021-04-25,9,3.0,4.0,4.0,4.0,3.0,4.0,1.0,0.0,0.0,125,0,0,0,110
Sam Johnstone,33,GK,West Brom,45.0,2021-04-25,6,3.0,3.0,4.0,3.0,4.0,3.0,1.0,0.0,0.0,125,0,0,0,110
Kelechi Iheanacho,33,FWD,Leicester,61.0,2021-04-26,12,14.0,4.0,5.0,5.0,4.0,4.0,1.0,0.0,0.0,125,0,0,0,110
Benjamin Chilwell,33,DEF,Chelsea,58.0,2021-04-24,12,3.0,4.0,4.0,3.0,4.0,3.0,1.0,0.0,0.0,125,0,0,0,110
Timothy Castagne,33,DEF,Leicester,57.0,2021-04-26,9,6.0,4.0,5.0,4.0,4.0,3.0,1.0,0.0,0.0,125,0,0,0,110
Aaron Wan-Bissaka,33,DEF,Man Utd,57.0,2021-04-25,9,6.0,5.0,4.0,4.0,4.0,4.0,1.0,0.0,0.0,125,0,0,0,110
Diego Llorente,33,DEF,Leeds,44.0,2021-04-25,7,3.0,3.0,2.0,2.0,3.0,2.0,1.0,0.0,0.0,125,0,0,0,110
Mason Greenwood,33,MID,Man Utd,71.0,2021-04-25,3,6.0,5.0,5.0,4.0,4.0,5.0,0.0,0.0,1.0,0,0,0,0,110
Robert Sánchez,33,GK,Brighton,45.0,2021-04-24,2,3.0,4.0,4.0,4.0,4.0,4.0,0.0,0.0,1.0,0,0,0,0,110
Patrick Bamford,33,FWD,Leeds,65.0,2021-04-25,1,5.0,4.0,4.0,4.0,4.0,5.0,0.0,0.0,1.0,0,0,0,0,110
Jonny Evans,33,DEF,Leicester,55.0,2021-04-26,5,3.0,3.0,4.0,3.0,3.0,3.0,0.0,0.0,1.0,0,0,0,0,110
Gareth Bale,34,MID,Spurs,91.0,2021-05-02,21,7.0,5.0,5.0,4.0,5.0,5.0,1.0,1.0,0.0,160,0,0,0,129
Kai Havertz,34,MID,Chelsea,82.0,2021-05-01,16,7.0,5.0,5.0,4.0,4.0,5.0,1.0,0.0,0.0,160,0,0,0,129
Heung-Min Son,34,MID,Spurs,95.0,2021-05-02,12,7.0,6.0,6.0,4.0,5.0,6.0,1.0,0.0,0.0,160,0,0,0,129
Pierre-Emerick Aubameyang,34,MID,Arsenal,113.0,2021-05-02,12,7.0,6.0,7.0,4.0,5.0,5.0,1.0,0.0,0.0,160,0,0,0,129
Mohamed Naser El Sayed Elneny,34,MID,Arsenal,42.0,2021-05-02,11,3.0,3.0,3.0,2.0,2.0,3.0,1.0,0.0,0.0,160,0,0,0,129
Sam Johnstone,34,GK,West Brom,46.0,2021-05-03,7,6.0,4.0,5.0,4.0,4.0,4.0,1.0,0.0,0.0,160,0,0,0,129
Michail Antonio,34,FWD,West Ham,64.0,2021-05-03,13,6.0,4.0,5.0,4.0,4.0,4.0,1.0,0.0,0.0,160,0,0,0,129
Danny Welbeck,34,FWD,Brighton,55.0,2021-05-01,12,3.0,4.0,4.0,4.0,3.0,4.0,1.0,0.0,0.0,160,0,0,0,129
Serge Aurier,34,DEF,Spurs,52.0,2021-05-02,14,3.0,4.0,4.0,3.0,4.0,4.0,1.0,0.0,0.0,160,0,0,0,129
Benjamin Mendy,34,DEF,Man City,59.0,2021-05-01,12,3.0,4.0,4.0,3.0,3.0,4.0,1.0,0.0,0.0,160,0,0,0,129
Jonny Evans,34,DEF,Leicester,56.0,2021-04-30,10,3.0,3.0,3.0,4.0,4.0,4.0,1.0,0.0,0.0,160,0,0,0,129
Robert Sánchez,34,GK,Brighton,46.0,2021-05-01,6,3.0,4.0,4.0,4.0,4.0,4.0,0.0,0.0,1.0,0,0,0,0,129
Chris Wood,34,FWD,Burnley,63.0,2021-05-03,6,6.0,4.0,5.0,4.0,3.0,4.0,0.0,0.0,1.0,0,0,0,0,129
Benjamin Chilwell,34,DEF,Chelsea,58.0,2021-05-01,6,7.0,5.0,4.0,4.0,4.0,5.0,0.0,0.0,1.0,0,0,0,0,129
Diego Llorente,34,DEF,Leeds,44.0,2021-05-01,2,3.0,3.0,2.0,3.0,3.0,3.0,0.0,0.0,1.0,0,0,0,0,129
Emile Smith Rowe,35,MID,Arsenal,42.0,2021-05-09,19,3.0,4.0,3.0,4.0,3.0,4.0,1.0,1.0,0.0,192,0,0,0,159
Bruno Miguel Borges Fernandes,35,MID,Man Utd,115.0,2021-05-09,19,5.0,7.0,5.0,5.0,6.0,6.0,1.0,0.0,0.0,192,0,0,0,159
Mason Greenwood,35,MID,Man Utd,72.0,2021-05-09,19,5.0,5.0,5.0,4.0,5.0,5.0,1.0,0.0,0.0,192,0,0,0,159
Eberechi Eze,35,MID,Crystal Palace,58.0,2021-05-08,16,3.0,3.0,3.0,3.0,3.0,3.0,1.0,0.0,0.0,192,0,0,0,159
Marc Albrighton,35,MID,Leicester,52.0,2021-05-11,15,3.0,4.0,4.0,4.0,3.0,3.0,1.0,0.0,0.0,192,0,0,0,159
Emiliano Martínez,35,GK,Aston Villa,54.0,2021-05-09,12,3.0,4.0,3.0,3.0,4.0,4.0,1.0,0.0,0.0,192,0,0,0,159
Roberto Firmino,35,FWD,Liverpool,90.0,2021-05-13,17,3.0,3.0,2.0,2.0,4.0,3.0,1.0,0.0,0.0,192,0,0,0,159
Christian Benteke,35,FWD,Crystal Palace,55.0,2021-05-08,15,3.0,3.0,4.0,3.0,3.0,4.0,1.0,0.0,0.0,192,0,0,0,159
Ben Godfrey,35,DEF,Everton,50.0,2021-05-09,18,3.0,3.0,3.0,3.0,3.0,3.0,1.0,0.0,0.0,192,0,0,0,159
Trent Alexander-Arnold,35,DEF,Liverpool,76.0,2021-05-13,16,6.0,5.0,4.0,3.0,4.0,5.0,1.0,0.0,0.0,192,0,0,0,159
Lucas Digne,35,DEF,Everton,61.0,2021-05-09,14,3.0,3.0,4.0,3.0,4.0,3.0,1.0,0.0,0.0,192,0,0,0,159
Sam Johnstone,35,GK,West Brom,46.0,2021-05-09,2,3.0,3.0,4.0,3.0,4.0,4.0,0.0,0.0,1.0,0,0,0,0,159
Chris Wood,35,FWD,Burnley,64.0,2021-05-10,6,6.0,4.0,6.0,4.0,4.0,4.0,0.0,0.0,1.0,0,0,0,0,159
Benjamin Chilwell,35,DEF,Chelsea,59.0,2021-05-12,2,3.0,4.0,4.0,3.0,4.0,4.0,0.0,0.0,1.0,0,0,0,0,159
Diego Llorente,35,DEF,Leeds,44.0,2021-05-08,2,3.0,2.0,2.0,3.0,3.0,3.0,0.0,0.0,1.0,0,0,0,0,159
Ferran Torres,36,MID,Man City,69.0,2021-05-14,20,8.0,5.0,5.0,4.0,4.0,4.0,1.0,1.0,0.0,151,0,0,0,123
Jack Harrison,36,MID,Leeds,54.0,2021-05-15,16,3.0,3.0,4.0,4.0,4.0,3.0,1.0,0.0,0.0,151,0,0,0,123
Pierre-Emile Højbjerg,36,MID,Spurs,49.0,2021-05-16,14,3.0,2.0,2.0,3.0,2.0,3.0,1.0,0.0,0.0,151,0,0,0,123
Nathan Tella,36,MID,Southampton,43.0,2021-05-15,11,0.0,1.0,1.0,2.0,2.0,1.0,1.0,0.0,0.0,151,0,0,0,123
Eberechi Eze,36,MID,Crystal Palace,58.0,2021-05-16,10,3.0,3.0,3.0,4.0,3.0,4.0,1.0,0.0,0.0,151,0,0,0,123
Alisson Ramses Becker,36,GK,Liverpool,59.0,2021-05-16,10,7.0,5.0,4.0,4.0,4.0,5.0,1.0,0.0,0.0,151,0,0,0,123
Rodrigo Moreno,36,FWD,Leeds,57.0,2021-05-15,12,1.0,2.0,2.0,2.0,2.0,1.0,1.0,0.0,0.0,151,0,0,0,123
Christian Benteke,36,FWD,Crystal Palace,55.0,2021-05-16,7,3.0,4.0,4.0,4.0,4.0,4.0,1.0,0.0,0.0,151,0,0,0,123
Tyrick Mitchell,36,DEF,Crystal Palace,38.0,2021-05-16,13,3.0,3.0,3.0,3.0,3.0,3.0,1.0,0.0,0.0,151,0,0,0,123
Jack Robinson,36,DEF,Sheffield Utd,42.0,2021-05-16,11,3.0,2.0,2.0,2.0,2.0,2.0,1.0,0.0,0.0,151,0,0,0,123
João Pedro Cavaco Cancelo,36,DEF,Man City,58.0,2021-05-14,11,6.0,5.0,4.0,4.0,4.0,4.0,1.0,0.0,0.0,151,0,0,0,123
Sam Johnstone,36,GK,West Brom,46.0,2021-05-16,2,3.0,3.0,4.0,3.0,4.0,3.0,0.0,0.0,1.0,0,0,0,0,123
Chris Wood,36,FWD,Burnley,64.0,2021-05-15,2,6.0,4.0,5.0,4.0,4.0,4.0,0.0,0.0,1.0,0,0,0,0,123
Trent Alexander-Arnold,36,DEF,Liverpool,76.0,2021-05-16,6,6.0,5.0,6.0,4.0,5.0,6.0,0.0,0.0,1.0,0,0,0,0,123
Diego Llorente,36,DEF,Leeds,44.0,2021-05-15,6,3.0,3.0,3.0,3.0,3.0,3.0,0.0,0.0,1.0,0,0,0,0,123
Nicolas Pépé,37,MID,Arsenal,76.0,2021-05-19,15,5.0,4.0,5.0,4.0,5.0,4.0,1.0,1.0,0.0,130,0,0,0,101
Joseph Willock,37,MID,Newcastle,48.0,2021-05-19,11,3.0,3.0,4.0,3.0,3.0,4.0,1.0,0.0,0.0,130,0,0,0,101
Jorge Luiz Frello Filho,37,MID,Chelsea,47.0,2021-05-18,10,3.0,3.0,3.0,4.0,3.0,4.0,1.0,0.0,0.0,130,0,0,0,101
Phil Foden,37,MID,Man City,61.0,2021-05-18,10,8.0,5.0,5.0,4.0,4.0,4.0,1.0,0.0,0.0,130,0,0,0,101
Alisson Ramses Becker,37,GK,Liverpool,59.0,2021-05-19,7,4.0,4.0,4.0,4.0,4.0,5.0,1.0,0.0,0.0,130,0,0,0,101
Patrick Bamford,37,FWD,Leeds,65.0,2021-05-18,12,3.0,4.0,4.0,4.0,4.0,4.0,1.0,0.0,0.0,130,0,0,0,101
Christian Benteke,37,FWD,Crystal Palace,55.0,2021-05-19,6,3.0,3.0,4.0,4.0,4.0,4.0,1.0,0.0,0.0,130,0,0,0,101
Andrew Robertson,37,DEF,Liverpool,72.0,2021-05-19,15,4.0,4.0,4.0,4.0,4.0,5.0,1.0,0.0,0.0,130,0,0,0,101
Nathaniel Phillips,37,DEF,Liverpool,41.0,2021-05-19,13,3.0,3.0,3.0,3.0,3.0,3.0,1.0,0.0,0.0,130,0,0,0,101
Joe Bryan,37,DEF,Fulham,45.0,2021-05-18,10,3.0,2.0,2.0,2.0,2.0,2.0,1.0,0.0,0.0,130,0,0,0,101
Antonio Rüdiger,37,DEF,Chelsea,47.0,2021-05-18,9,3.0,3.0,3.0,4.0,4.0,4.0,1.0,0.0,0.0,130,0,0,0,101
Nathan Tella,37,MID,Southampton,43.0,2021-05-18,3,3.0,3.0,3.0,3.0,3.0,3.0,0.0,0.0,1.0,0,0,0,0,101
Sam Johnstone,37,GK,West Brom,46.0,2021-05-19,2,3.0,4.0,4.0,3.0,4.0,4.0,0.0,0.0,1.0,0,0,0,0,101
Rodrigo Moreno,37,FWD,Leeds,57.0,2021-05-18,5,3.0,3.0,3.0,3.0,3.0,3.0,0.0,0.0,1.0,0,0,0,0,101
Jack Robinson,37,DEF,Sheffield Utd,42.0,2021-05-19,2,3.0,3.0,2.0,3.0,3.0,2.0,0.0,0.0,1.0,0,0,0,0,101
Pablo Fornals,38,MID,West Ham,58.0,2021-05-23,19,3.0,4.0,4.0,4.0,4.0,3.0,1.0,1.0,0.0,175,0,0,0,134
Nicolas Pépé,38,MID,Arsenal,77.0,2021-05-23,16,8.0,5.0,4.0,4.0,5.0,4.0,1.0,0.0,0.0,175,0,0,0,134
Sadio Mané,38,MID,Liverpool,118.0,2021-05-23,16,7.0,6.0,7.0,4.0,5.0,6.0,1.0,0.0,0.0,175,0,0,0,134
Bertrand Traoré,38,MID,Aston Villa,58.0,2021-05-23,13,3.0,3.0,3.0,4.0,4.0,3.0,1.0,0.0,0.0,175,0,0,0,134
Gareth Bale,38,MID,Spurs,92.0,2021-05-23,13,3.0,2.0,2.0,2.0,4.0,2.0,1.0,0.0,0.0,175,0,0,0,134
Ederson Santana de Moraes,38,GK,Man City,61.0,2021-05-23,12,6.0,5.0,4.0,4.0,4.0,4.0,1.0,0.0,0.0,175,0,0,0,134
Jamie Vardy,38,FWD,Leicester,102.0,2021-05-23,13,7.0,5.0,4.0,4.0,4.0,5.0,1.0,0.0,0.0,175,0,0,0,134
Fernando Luiz Rosa,38,DEF,Man City,54.0,2021-05-23,15,3.0,4.0,4.0,4.0,3.0,4.0,1.0,0.0,0.0,175,0,0,0,134
Enda Stevens,38,DEF,Sheffield Utd,50.0,2021-05-23,11,3.0,3.0,3.0,3.0,3.0,3.0,1.0,0.0,0.0,175,0,0,0,134
Calum Chambers,38,DEF,Arsenal,45.0,2021-05-23,11,3.0,3.0,3.0,3.0,3.0,3.0,1.0,0.0,0.0,175,0,0,0,134
Andrew Robertson,38,DEF,Liverpool,73.0,2021-05-23,8,6.0,5.0,6.0,4.0,4.0,5.0,1.0,0.0,0.0,175,0,0,0,134
Alisson Ramses Becker,38,GK,Liverpool,60.0,2021-05-23,8,7.0,5.0,4.0,4.0,4.0,5.0,0.0,0.0,1.0,0,0,0,0,134
Rodrigo Moreno,38,FWD,Leeds,57.0,2021-05-23,8,3.0,4.0,4.0,4.0,3.0,4.0,0.0,0.0,1.0,0,0,0,0,134
Patrick Bamford,38,FWD,Leeds,66.0,2021-05-23,6,3.0,3.0,3.0,3.0,4.0,3.0,0.0,0.0,1.0,0,0,0,0,134
Jack Robinson,38,DEF,Sheffield Utd,42.0,2021-05-23,6,3.0,3.0,3.0,3.0,3.0,3.0,0.0,0.0,1.0,0,0,0,0,134
